Wk,Day,Date,Day Date,Month Date,Year Date,Time,Home,xG,Score,Home_Score,Away_Score,xG,Away,Attendance,Venue,Referee,Season
1,Fri,11 August 2023,11,8,2023,20:00,Burnley,0.3,0–3,0,3,1.9,Manchester City,"21,572",Turf Moor,Craig Pawson,2024
1,Sat,12 August 2023,12,8,2023,12:30,Arsenal,0.8,2–1,2,1,1.2,Nott'ham Forest,"59,984",Emirates Stadium,Michael Oliver,2024
1,Sat,12 August 2023,12,8,2023,15:00,Everton,2.7,0–1,0,1,1.5,Fulham,"39,940",Goodison Park,Stuart Attwell,2024
1,Sat,12 August 2023,12,8,2023,15:00,Sheffield Utd,0.5,0–1,0,1,1.9,Crystal Palace,"31,194",Bramall Lane,John Brooks,2024
1,Sat,12 August 2023,12,8,2023,15:00,Brighton,4,4–1,4,1,1.5,Luton Town,"31,872",The American Express Community Stadium,David Coote,2024
1,Sat,12 August 2023,12,8,2023,15:00,Bournemouth,1.3,1–1,1,1,1.1,West Ham,"11,245",Vitality Stadium,Peter Bankes,2024
1,Sat,12 August 2023,12,8,2023,17:30,Newcastle Utd,3.3,5–1,5,1,1.8,Aston Villa,"52,207",St James' Park,Andy Madley,2024
1,Sun,13 August 2023,13,8,2023,14:00,Brentford,2.2,2–2,2,2,1.3,Tottenham,"17,066",Gtech Community Stadium,Robert Jones,2024
1,Sun,13 August 2023,13,8,2023,16:30,Chelsea,1.4,1–1,1,1,1.3,Liverpool,"40,096",Stamford Bridge,Anthony Taylor,2024
1,Mon,14 August 2023,14,8,2023,20:00,Manchester Utd,2.2,1–0,1,0,2.2,Wolves,"73,358",Old Trafford,Simon Hooper,2024
2,Fri,18 August 2023,18,8,2023,19:45,Nott'ham Forest,1.4,2–1,2,1,0.5,Sheffield Utd,"29,432",The City Ground,Peter Bankes,2024
2,Sat,19 August 2023,19,8,2023,15:00,Fulham,0.5,0–3,0,3,3.7,Brentford,"24,236",Craven Cottage,Darren Bond,2024
2,Sat,19 August 2023,19,8,2023,15:00,Liverpool,3,3–1,3,1,1.3,Bournemouth,"53,145",Anfield,Thomas Bramall,2024
2,Sat,19 August 2023,19,8,2023,15:00,Wolves,2.1,1–4,1,4,2.2,Brighton,"31,317",Molineux Stadium,Andy Madley,2024
2,Sat,19 August 2023,19,8,2023,17:30,Tottenham,1.7,2–0,2,0,2.1,Manchester Utd,"61,910",Tottenham Hotspur Stadium,Michael Oliver,2024
2,Sat,19 August 2023,19,8,2023,20:00,Manchester City,1,1–0,1,0,0.3,Newcastle Utd,"53,419",Etihad Stadium,Robert Jones,2024
2,Sun,20 August 2023,20,8,2023,14:00,Aston Villa,2.9,4–0,4,0,0.6,Everton,"41,694",Villa Park,Anthony Taylor,2024
2,Sun,20 August 2023,20,8,2023,16:30,West Ham,1.8,3–1,3,1,2.5,Chelsea,"62,451",London Stadium,John Brooks,2024
2,Mon,21 August 2023,21,8,2023,20:00,Crystal Palace,1,0–1,0,1,2,Arsenal,"24,189",Selhurst Park,David Coote,2024
3,Fri,25 August 2023,25,8,2023,20:00,Chelsea,2.2,3–0,3,0,0.4,Luton Town,"39,893",Stamford Bridge,Robert Jones,2024
3,Sat,26 August 2023,26,8,2023,12:30,Bournemouth,0.7,0–2,0,2,2.1,Tottenham,"10,567",Vitality Stadium,Tim Robinson,2024
3,Sat,26 August 2023,26,8,2023,15:00,Everton,1.3,0–1,0,1,1.1,Wolves,"38,851",Goodison Park,Craig Pawson,2024
3,Sat,26 August 2023,26,8,2023,15:00,Brentford,1,1–1,1,1,0.8,Crystal Palace,"16,997",Gtech Community Stadium,Peter Bankes,2024
3,Sat,26 August 2023,26,8,2023,15:00,Manchester Utd,2.8,3–2,3,2,1.2,Nott'ham Forest,"73,595",Old Trafford,Stuart Attwell,2024
3,Sat,26 August 2023,26,8,2023,15:00,Arsenal,3.2,2–2,2,2,0.6,Fulham,"59,961",Emirates Stadium,Paul Tierney,2024
3,Sat,26 August 2023,26,8,2023,17:30,Brighton,1.5,1–3,1,3,3,West Ham,"31,508",The American Express Community Stadium,Anthony Taylor,2024
3,Sun,27 August 2023,27,8,2023,14:00,Sheffield Utd,0.7,1–2,1,2,3.5,Manchester City,"31,336",Bramall Lane,Jarred Gillett,2024
3,Sun,27 August 2023,27,8,2023,14:00,Burnley,0.7,1–3,1,3,2.5,Aston Villa,"21,591",Turf Moor,Michael Salisbury,2024
3,Sun,27 August 2023,27,8,2023,16:30,Newcastle Utd,2,1–2,1,2,0.9,Liverpool,"52,214",St James' Park,John Brooks,2024
4,Fri,01 September 2023,1,9,2023,20:00,Luton Town,1.4,1–2,1,2,1,West Ham,"10,802",Kenilworth Road Stadium,Paul Tierney,2024
4,Sat,02 September 2023,2,9,2023,12:30,Sheffield Utd,1.2,2–2,2,2,2.5,Everton,"31,124",Bramall Lane,Andy Madley,2024
4,Sat,02 September 2023,2,9,2023,15:00,Chelsea,2.3,0–1,0,1,0.8,Nott'ham Forest,"39,820",Stamford Bridge,Tim Robinson,2024
4,Sat,02 September 2023,2,9,2023,15:00,Manchester City,2.2,5–1,5,1,1.4,Fulham,"52,899",Etihad Stadium,Michael Oliver,2024
4,Sat,02 September 2023,2,9,2023,15:00,Brentford,2.9,2–2,2,2,2.1,Bournemouth,"16,973",Gtech Community Stadium,Robert Madley,2024
4,Sat,02 September 2023,2,9,2023,15:00,Burnley,1.3,2–5,2,5,2.2,Tottenham,"21,750",Turf Moor,Darren England,2024
4,Sat,02 September 2023,2,9,2023,17:30,Brighton,1.3,3–1,3,1,1.2,Newcastle Utd,"31,620",The American Express Community Stadium,Stuart Attwell,2024
4,Sun,03 September 2023,3,9,2023,14:00,Liverpool,2.5,3–0,3,0,0.7,Aston Villa,"50,109",Anfield,Simon Hooper,2024
4,Sun,03 September 2023,3,9,2023,14:00,Crystal Palace,2.1,3–2,3,2,1.2,Wolves,"24,741",Selhurst Park,Robert Jones,2024
4,Sun,03 September 2023,3,9,2023,16:30,Arsenal,2.3,3–1,3,1,0.9,Manchester Utd,"60,192",Emirates Stadium,Anthony Taylor,2024
5,Sat,16 September 2023,16,9,2023,12:30,Wolves,0.6,1–3,1,3,2.5,Liverpool,"31,257",Molineux Stadium,Michael Oliver,2024
5,Sat,16 September 2023,16,9,2023,15:00,Fulham,1,1–0,1,0,1.1,Luton Town,"24,467",Craven Cottage,Michael Salisbury,2024
5,Sat,16 September 2023,16,9,2023,15:00,West Ham,0.9,1–3,1,3,3.6,Manchester City,"62,475",London Stadium,Andy Madley,2024
5,Sat,16 September 2023,16,9,2023,15:00,Aston Villa,3,3–1,3,1,1.2,Crystal Palace,"40,809",Villa Park,Darren England,2024
5,Sat,16 September 2023,16,9,2023,15:00,Manchester Utd,1,1–3,1,3,1.7,Brighton,"73,592",Old Trafford,Jarred Gillett,2024
5,Sat,16 September 2023,16,9,2023,15:00,Tottenham,2.1,2–1,2,1,0.7,Sheffield Utd,"61,706",Tottenham Hotspur Stadium,Peter Bankes,2024
5,Sat,16 September 2023,16,9,2023,17:30,Newcastle Utd,1.4,1–0,1,0,0.5,Brentford,"51,670",St James' Park,Craig Pawson,2024
5,Sun,17 September 2023,17,9,2023,14:00,Bournemouth,1,0–0,0,0,1.8,Chelsea,"10,421",Vitality Stadium,David Coote,2024
5,Sun,17 September 2023,17,9,2023,16:30,Everton,0.3,0–1,0,1,1,Arsenal,"39,217",Goodison Park,Simon Hooper,2024
5,Mon,18 September 2023,18,9,2023,19:45,Nott'ham Forest,0.7,1–1,1,1,0.5,Burnley,"28,958",The City Ground,Robert Jones,2024
6,Sat,23 September 2023,23,9,2023,15:00,Manchester City,1.3,2–0,2,0,1,Nott'ham Forest,"53,413",Etihad Stadium,Anthony Taylor,2024
6,Sat,23 September 2023,23,9,2023,15:00,Luton Town,2.1,1–1,1,1,0.6,Wolves,"10,893",Kenilworth Road Stadium,Joshua Smith,2024
6,Sat,23 September 2023,23,9,2023,15:00,Crystal Palace,0.3,0–0,0,0,0.6,Fulham,"25,072",Selhurst Park,Paul Tierney,2024
6,Sat,23 September 2023,23,9,2023,17:30,Brentford,1,1–3,1,3,1.9,Everton,"16,981",Gtech Community Stadium,Michael Oliver,2024
6,Sat,23 September 2023,23,9,2023,20:00,Burnley,1.1,0–1,0,1,1,Manchester Utd,"21,593",Turf Moor,Tony Harrington,2024
6,Sun,24 September 2023,24,9,2023,14:00,Arsenal,1.8,2–2,2,2,1.4,Tottenham,"60,156",Emirates Stadium,Robert Jones,2024
6,Sun,24 September 2023,24,9,2023,14:00,Brighton,1.9,3–1,3,1,1.1,Bournemouth,"31,617",The American Express Community Stadium,John Brooks,2024
6,Sun,24 September 2023,24,9,2023,14:00,Chelsea,1.3,0–1,0,1,1,Aston Villa,"39,700",Stamford Bridge,Jarred Gillett,2024
6,Sun,24 September 2023,24,9,2023,14:00,Liverpool,3,3–1,3,1,1.1,West Ham,"50,136",Anfield,Chris Kavanagh,2024
6,Sun,24 September 2023,24,9,2023,16:30,Sheffield Utd,0.9,0–8,0,8,3.9,Newcastle Utd,"31,127",Bramall Lane,Stuart Attwell,2024
7,Sat,30 September 2023,30,9,2023,12:30,Aston Villa,1.6,6–1,6,1,1.7,Brighton,"40,636",Villa Park,Andy Madley,2024
7,Sat,30 September 2023,30,9,2023,15:00,Wolves,0.4,2–1,2,1,0.9,Manchester City,"31,415",Molineux Stadium,Craig Pawson,2024
7,Sat,30 September 2023,30,9,2023,15:00,Bournemouth,0.6,0–4,0,4,3.4,Arsenal,"11,193",Vitality Stadium,Michael Salisbury,2024
7,Sat,30 September 2023,30,9,2023,15:00,Everton,2.9,1–2,1,2,0.9,Luton Town,"39,289",Goodison Park,Anthony Taylor,2024
7,Sat,30 September 2023,30,9,2023,15:00,Newcastle Utd,3.1,2–0,2,0,0.6,Burnley,"51,687",St James' Park,Thomas Bramall,2024
7,Sat,30 September 2023,30,9,2023,15:00,West Ham,2.1,2–0,2,0,1.1,Sheffield Utd,"62,459",London Stadium,Graham Scott,2024
7,Sat,30 September 2023,30,9,2023,15:00,Manchester Utd,1.3,0–1,0,1,0.9,Crystal Palace,"73,428",Old Trafford,Chris Kavanagh,2024
7,Sat,30 September 2023,30,9,2023,17:30,Tottenham,2.2,2–1,2,1,1.3,Liverpool,"62,001",Tottenham Hotspur Stadium,Simon Hooper,2024
7,Sun,01 October 2023,1,10,2023,14:00,Nott'ham Forest,0.5,1–1,1,1,1.6,Brentford,"29,004",The City Ground,Paul Tierney,2024
7,Mon,02 October 2023,2,10,2023,20:00,Fulham,1.1,0–2,0,2,1.7,Chelsea,"24,445",Craven Cottage,Tim Robinson,2024
2,Tue,03 October 2023,3,10,2023,19:30,Luton Town,1.3,1–2,1,2,1.1,Burnley,"10,918",Kenilworth Road Stadium,Peter Bankes,2024
8,Sat,07 October 2023,7,10,2023,12:30,Luton Town,0.8,0–1,0,1,1.9,Tottenham,"10,290",Kenilworth Road Stadium,John Brooks,2024
8,Sat,07 October 2023,7,10,2023,15:00,Everton,2.4,3–0,3,0,0.7,Bournemouth,"38,815",Goodison Park,David Coote,2024
8,Sat,07 October 2023,7,10,2023,15:00,Manchester Utd,1.4,2–1,2,1,0.9,Brentford,"73,453",Old Trafford,Andy Madley,2024
8,Sat,07 October 2023,7,10,2023,15:00,Burnley,0.7,1–4,1,4,1.9,Chelsea,"21,654",Turf Moor,Stuart Attwell,2024
8,Sat,07 October 2023,7,10,2023,15:00,Fulham,2.2,3–1,3,1,0.6,Sheffield Utd,"24,361",Craven Cottage,Samuel Barrott,2024
8,Sat,07 October 2023,7,10,2023,17:30,Crystal Palace,0.8,0–0,0,0,1,Nott'ham Forest,"25,017",Selhurst Park,Craig Pawson,2024
8,Sun,08 October 2023,8,10,2023,14:00,West Ham,1.2,2–2,2,2,2,Newcastle Utd,"62,473",London Stadium,Peter Bankes,2024
8,Sun,08 October 2023,8,10,2023,14:00,Wolves,1.7,1–1,1,1,1.6,Aston Villa,"31,425",Molineux Stadium,Robert Jones,2024
8,Sun,08 October 2023,8,10,2023,14:00,Brighton,2.3,2–2,2,2,2.3,Liverpool,"31,752",The American Express Community Stadium,Anthony Taylor,2024
8,Sun,08 October 2023,8,10,2023,16:30,Arsenal,0.4,1–0,1,0,0.5,Manchester City,"60,233",Emirates Stadium,Michael Oliver,2024
9,Sat,21 October 2023,21,10,2023,12:30,Liverpool,2.2,2–0,2,0,0.1,Everton,"50,201",Anfield,Craig Pawson,2024
9,Sat,21 October 2023,21,10,2023,15:00,Bournemouth,0.6,1–2,1,2,2.4,Wolves,"11,175",Vitality Stadium,Paul Tierney,2024
9,Sat,21 October 2023,21,10,2023,15:00,Newcastle Utd,2.4,4–0,4,0,1.2,Crystal Palace,"52,189",St James' Park,Tim Robinson,2024
9,Sat,21 October 2023,21,10,2023,15:00,Brentford,3.1,3–0,3,0,1.1,Burnley,"17,029",Gtech Community Stadium,Joshua Smith,2024
9,Sat,21 October 2023,21,10,2023,15:00,Manchester City,0.8,2–1,2,1,0.8,Brighton,"53,466",Etihad Stadium,Robert Jones,2024
9,Sat,21 October 2023,21,10,2023,15:00,Nott'ham Forest,2.9,2–2,2,2,1.7,Luton Town,"29,361",The City Ground,Samuel Barrott,2024
9,Sat,21 October 2023,21,10,2023,17:30,Chelsea,1.3,2–2,2,2,1,Arsenal,"39,723",Stamford Bridge,Chris Kavanagh,2024
9,Sat,21 October 2023,21,10,2023,20:00,Sheffield Utd,1.4,1–2,1,2,1.1,Manchester Utd,"31,543",Bramall Lane,Michael Oliver,2024
9,Sun,22 October 2023,22,10,2023,16:30,Aston Villa,1.9,4–1,4,1,1.1,West Ham,"41,734",Villa Park,David Coote,2024
9,Mon,23 October 2023,23,10,2023,20:00,Tottenham,1.5,2–0,2,0,1,Fulham,"61,286",Tottenham Hotspur Stadium,Anthony Taylor,2024
10,Fri,27 October 2023,27,10,2023,20:00,Crystal Palace,0.6,1–2,1,2,1.1,Tottenham,"25,074",Selhurst Park,Andy Madley,2024
10,Sat,28 October 2023,28,10,2023,12:30,Chelsea,1.9,0–2,0,2,2.2,Brentford,"39,575",Stamford Bridge,Simon Hooper,2024
10,Sat,28 October 2023,28,10,2023,15:00,Bournemouth,1.1,2–1,2,1,0.8,Burnley,"11,152",Vitality Stadium,Samuel Barrott,2024
10,Sat,28 October 2023,28,10,2023,15:00,Arsenal,2.8,5–0,5,0,0,Sheffield Utd,"60,153",Emirates Stadium,Tim Robinson,2024
10,Sat,28 October 2023,28,10,2023,17:30,Wolves,0.9,2–2,2,2,2.2,Newcastle Utd,"31,584",Molineux Stadium,Anthony Taylor,2024
10,Sun,29 October 2023,29,10,2023,13:00,West Ham,0.7,0–1,0,1,0.8,Everton,"62,469",London Stadium,Stuart Attwell,2024
10,Sun,29 October 2023,29,10,2023,14:00,Liverpool,3.2,3–0,3,0,0.4,Nott'ham Forest,"50,143",Anfield,Chris Kavanagh,2024
10,Sun,29 October 2023,29,10,2023,14:00,Brighton,1.4,1–1,1,1,0.7,Fulham,"31,550",The American Express Community Stadium,Michael Salisbury,2024
10,Sun,29 October 2023,29,10,2023,14:00,Aston Villa,2.3,3–1,3,1,0.5,Luton Town,"41,785",Villa Park,John Brooks,2024
10,Sun,29 October 2023,29,10,2023,15:30,Manchester Utd,0.9,0–3,0,3,4,Manchester City,"73,502",Old Trafford,Paul Tierney,2024
11,Sat,04 November 2023,4,11,2023,12:30,Fulham,1,0–1,0,1,0.7,Manchester Utd,"24,415",Craven Cottage,John Brooks,2024
11,Sat,04 November 2023,4,11,2023,15:00,Brentford,1.5,3–2,3,2,1.8,West Ham,"17,103",Gtech Community Stadium,Thomas Bramall,2024
11,Sat,04 November 2023,4,11,2023,15:00,Everton,0.7,1–1,1,1,0.5,Brighton,"38,683",Goodison Park,Tim Robinson,2024
11,Sat,04 November 2023,4,11,2023,15:00,Burnley,1.1,0–2,0,2,1.3,Crystal Palace,"21,578",Turf Moor,Peter Bankes,2024
11,Sat,04 November 2023,4,11,2023,15:00,Manchester City,1.9,6–1,6,1,0.9,Bournemouth,"53,358",Etihad Stadium,Craig Pawson,2024
11,Sat,04 November 2023,4,11,2023,15:00,Sheffield Utd,1,2–1,2,1,1.2,Wolves,"29,454",Bramall Lane,Robert Jones,2024
11,Sat,04 November 2023,4,11,2023,17:30,Newcastle Utd,1,1–0,1,0,0.6,Arsenal,"52,194",St James' Park,Stuart Attwell,2024
11,Sun,05 November 2023,5,11,2023,14:00,Nott'ham Forest,0.4,2–0,2,0,1.2,Aston Villa,"29,313",The City Ground,Jarred Gillett,2024
11,Sun,05 November 2023,5,11,2023,16:30,Luton Town,0.8,1–1,1,1,2.6,Liverpool,"11,049",Kenilworth Road Stadium,Andy Madley,2024
11,Mon,06 November 2023,6,11,2023,20:00,Tottenham,0.9,1–4,1,4,4.1,Chelsea,"61,726",Tottenham Hotspur Stadium,Michael Oliver,2024
12,Sat,11 November 2023,11,11,2023,12:30,Wolves,2.1,2–1,2,1,0.7,Tottenham,"31,642",Molineux Stadium,Tim Robinson,2024
12,Sat,11 November 2023,11,11,2023,15:00,Arsenal,1.8,3–1,3,1,0.3,Burnley,"60,232",Emirates Stadium,Michael Oliver,2024
12,Sat,11 November 2023,11,11,2023,15:00,Manchester Utd,2.2,1–0,1,0,0.4,Luton Town,"73,599",Old Trafford,Graham Scott,2024
12,Sat,11 November 2023,11,11,2023,15:00,Crystal Palace,2.2,2–3,2,3,1.5,Everton,"25,103",Selhurst Park,Samuel Barrott,2024
12,Sat,11 November 2023,11,11,2023,17:30,Bournemouth,2.4,2–0,2,0,0.5,Newcastle Utd,"11,201",Vitality Stadium,Chris Kavanagh,2024
12,Sun,12 November 2023,12,11,2023,14:00,West Ham,1.8,3–2,3,2,1.7,Nott'ham Forest,"62,470",London Stadium,Michael Salisbury,2024
12,Sun,12 November 2023,12,11,2023,14:00,Liverpool,1.7,3–0,3,0,1.6,Brentford,"50,151",Anfield,Paul Tierney,2024
12,Sun,12 November 2023,12,11,2023,14:00,Aston Villa,3,3–1,3,1,0.9,Fulham,"41,608",Villa Park,Simon Hooper,2024
12,Sun,12 November 2023,12,11,2023,14:00,Brighton,1.5,1–1,1,1,1.1,Sheffield Utd,"31,367",The American Express Community Stadium,John Brooks,2024
12,Sun,12 November 2023,12,11,2023,16:30,Chelsea,2.9,4–4,4,4,2.9,Manchester City,"39,532",Stamford Bridge,Anthony Taylor,2024
13,Sat,25 November 2023,25,11,2023,12:30,Manchester City,1.3,1–1,1,1,0.6,Liverpool,"53,289",Etihad Stadium,Chris Kavanagh,2024
13,Sat,25 November 2023,25,11,2023,15:00,Burnley,1.3,1–2,1,2,0.9,West Ham,"21,319",Turf Moor,Samuel Barrott,2024
13,Sat,25 November 2023,25,11,2023,15:00,Nott'ham Forest,1.9,2–3,2,3,1.3,Brighton,"29,404",The City Ground,Anthony Taylor,2024
13,Sat,25 November 2023,25,11,2023,15:00,Sheffield Utd,0.8,1–3,1,3,2.9,Bournemouth,"30,208",Bramall Lane,Andy Madley,2024
13,Sat,25 November 2023,25,11,2023,15:00,Newcastle Utd,2.4,4–1,4,1,0.5,Chelsea,"52,227",St James' Park,Simon Hooper,2024
13,Sat,25 November 2023,25,11,2023,15:00,Luton Town,0.9,2–1,2,1,1.6,Crystal Palace,"11,029",Kenilworth Road Stadium,Jarred Gillett,2024
13,Sat,25 November 2023,25,11,2023,17:30,Brentford,1.1,0–1,0,1,1.6,Arsenal,"17,201",Gtech Community Stadium,Tim Robinson,2024
13,Sun,26 November 2023,26,11,2023,14:00,Tottenham,2.3,1–2,1,2,1.7,Aston Villa,"61,679",Tottenham Hotspur Stadium,Robert Jones,2024
13,Sun,26 November 2023,26,11,2023,16:30,Everton,2.4,0–3,0,3,2.2,Manchester Utd,"39,257",Goodison Park,John Brooks,2024
13,Mon,27 November 2023,27,11,2023,20:00,Fulham,2.9,3–2,3,2,1.4,Wolves,"24,366",Craven Cottage,Michael Salisbury,2024
14,Sat,02 December 2023,2,12,2023,15:00,Brentford,3.1,3–1,3,1,0.2,Luton Town,"17,075",Gtech Community Stadium,Anthony Taylor,2024
14,Sat,02 December 2023,2,12,2023,15:00,Arsenal,2.8,2–1,2,1,0.7,Wolves,"60,262",Emirates Stadium,Peter Bankes,2024
14,Sat,02 December 2023,2,12,2023,15:00,Burnley,1.8,5–0,5,0,0.4,Sheffield Utd,"21,478",Turf Moor,Chris Kavanagh,2024
14,Sat,02 December 2023,2,12,2023,17:30,Nott'ham Forest,0.7,0–1,0,1,0.7,Everton,"29,404",The City Ground,Paul Tierney,2024
14,Sat,02 December 2023,2,12,2023,20:00,Newcastle Utd,2.4,1–0,1,0,0.5,Manchester Utd,"52,214",St James' Park,Robert Jones,2024
14,Sun,03 December 2023,3,12,2023,14:00,Bournemouth,2,2–2,2,2,0.7,Aston Villa,"11,191",Vitality Stadium,Thomas Bramall,2024
14,Sun,03 December 2023,3,12,2023,14:00,Liverpool,2.1,4–3,4,3,1.2,Fulham,"50,124",Anfield,Stuart Attwell,2024
14,Sun,03 December 2023,3,12,2023,14:00,Chelsea,2.1,3–2,3,2,1.1,Brighton,"39,647",Stamford Bridge,Craig Pawson,2024
14,Sun,03 December 2023,3,12,2023,14:00,West Ham,1.1,1–1,1,1,0.9,Crystal Palace,"62,414",London Stadium,Michael Oliver,2024
14,Sun,03 December 2023,3,12,2023,16:30,Manchester City,2.6,3–3,3,3,0.5,Tottenham,"53,473",Etihad Stadium,Simon Hooper,2024
15,Tue,05 December 2023,5,12,2023,19:30,Wolves,0.8,1–0,1,0,0.9,Burnley,"30,439",Molineux Stadium,Jarred Gillett,2024
15,Tue,05 December 2023,5,12,2023,20:15,Luton Town,0.5,3–4,3,4,2.2,Arsenal,"11,031",Kenilworth Road Stadium,Samuel Barrott,2024
15,Wed,06 December 2023,6,12,2023,19:30,Sheffield Utd,1,0–2,0,2,1.7,Liverpool,"31,406",Bramall Lane,Simon Hooper,2024
15,Wed,06 December 2023,6,12,2023,19:30,Crystal Palace,1,0–2,0,2,1.8,Bournemouth,"25,078",Selhurst Park,Craig Pawson,2024
15,Wed,06 December 2023,6,12,2023,19:30,Brighton,1.5,2–1,2,1,1.5,Brentford,"31,571",The American Express Community Stadium,Peter Bankes,2024
15,Wed,06 December 2023,6,12,2023,19:30,Fulham,2.5,5–0,5,0,0.3,Nott'ham Forest,"24,105",Craven Cottage,Joshua Smith,2024
15,Wed,06 December 2023,6,12,2023,20:15,Aston Villa,2.3,1–0,1,0,0.6,Manchester City,"41,421",Villa Park,John Brooks,2024
15,Wed,06 December 2023,6,12,2023,20:15,Manchester Utd,4.1,2–1,2,1,1.5,Chelsea,"73,607",Old Trafford,Chris Kavanagh,2024
15,Thu,07 December 2023,7,12,2023,19:30,Everton,3.3,3–0,3,0,1.5,Newcastle Utd,"38,198",Goodison Park,Tim Robinson,2024
15,Thu,07 December 2023,7,12,2023,20:15,Tottenham,1.8,1–2,1,2,2.2,West Ham,"61,171",Tottenham Hotspur Stadium,Michael Salisbury,2024
16,Sat,09 December 2023,9,12,2023,12:30,Crystal Palace,1.7,1–2,1,2,1.2,Liverpool,"25,103",Selhurst Park,Andy Madley,2024
16,Sat,09 December 2023,9,12,2023,15:00,Manchester Utd,1.1,0–3,0,3,1.5,Bournemouth,"73,427",Old Trafford,Peter Bankes,2024
16,Sat,09 December 2023,9,12,2023,15:00,Wolves,1.2,1–1,1,1,1.3,Nott'ham Forest,"31,543",Molineux Stadium,Samuel Barrott,2024
16,Sat,09 December 2023,9,12,2023,15:00,Brighton,2.6,1–1,1,1,0.6,Burnley,"31,511",The American Express Community Stadium,Simon Hooper,2024
16,Sat,09 December 2023,9,12,2023,15:00,Sheffield Utd,0.8,1–0,1,0,0.6,Brentford,"28,509",Bramall Lane,Stuart Attwell,2024
16,Sat,09 December 2023,9,12,2023,17:30,Aston Villa,0.6,1–0,1,0,1.4,Arsenal,"42,000",Villa Park,Jarred Gillett,2024
16,Sun,10 December 2023,10,12,2023,14:00,Everton,1.2,2–0,2,0,0.9,Chelsea,"39,280",Goodison Park,Michael Oliver,2024
16,Sun,10 December 2023,10,12,2023,14:00,Fulham,2.3,5–0,5,0,1.3,West Ham,"23,988",Craven Cottage,Paul Tierney,2024
16,Sun,10 December 2023,10,12,2023,14:00,Luton Town,0.3,1–2,1,2,1.6,Manchester City,"11,047",Kenilworth Road Stadium,Tim Robinson,2024
16,Sun,10 December 2023,10,12,2023,16:30,Tottenham,3.8,4–1,4,1,1.7,Newcastle Utd,"61,171",Tottenham Hotspur Stadium,Chris Kavanagh,2024
17,Fri,15 December 2023,15,12,2023,20:00,Nott'ham Forest,1.3,0–2,0,2,1.5,Tottenham,"29,296",The City Ground,Jarred Gillett,2024
17,Sat,16 December 2023,16,12,2023,15:00,Manchester City,1.6,2–2,2,2,1.8,Crystal Palace,"53,248",Etihad Stadium,Paul Tierney,2024
17,Sat,16 December 2023,16,12,2023,15:00,Chelsea,3.1,2–0,2,0,0.4,Sheffield Utd,"39,599",Stamford Bridge,Andy Madley,2024
17,Sat,16 December 2023,16,12,2023,15:00,Newcastle Utd,3.5,3–0,3,0,0.3,Fulham,"52,055",St James' Park,Samuel Barrott,2024
17,Sat,16 December 2023,16,12,2023,17:30,Burnley,0.7,0–2,0,2,1.4,Everton,"21,413",Turf Moor,Anthony Taylor,2024
17,Sun,17 December 2023,17,12,2023,14:00,Brentford,0.5,1–2,1,2,1.4,Aston Villa,"17,034",Gtech Community Stadium,David Coote,2024
17,Sun,17 December 2023,17,12,2023,14:00,West Ham,1.1,3–0,3,0,0.7,Wolves,"62,455",London Stadium,Chris Kavanagh,2024
17,Sun,17 December 2023,17,12,2023,14:00,Arsenal,2.3,2–0,2,0,0.7,Brighton,"60,257",Emirates Stadium,Tim Robinson,2024
17,Sun,17 December 2023,17,12,2023,16:30,Liverpool,2.3,0–0,0,0,0.8,Manchester Utd,"57,158",Anfield,Michael Oliver,2024
18,Thu,21 December 2023,21,12,2023,20:00,Crystal Palace,1.3,1–1,1,1,1.2,Brighton,"24,171",Selhurst Park,John Brooks,2024
18,Fri,22 December 2023,22,12,2023,20:00,Aston Villa,0.9,1–1,1,1,0.6,Sheffield Utd,"41,651",Villa Park,Anthony Taylor,2024
18,Sat,23 December 2023,23,12,2023,12:30,West Ham,1.2,2–0,2,0,1,Manchester Utd,"64,472",London Stadium,Simon Hooper,2024
18,Sat,23 December 2023,23,12,2023,15:00,Luton Town,1.4,1–0,1,0,1.4,Newcastle Utd,"11,042",Kenilworth Road Stadium,Darren England,2024
18,Sat,23 December 2023,23,12,2023,15:00,Fulham,1.3,0–2,0,2,0.4,Burnley,"23,598",Craven Cottage,Rebecca Welch,2024
18,Sat,23 December 2023,23,12,2023,15:00,Tottenham,1.5,2–1,2,1,1.8,Everton,"61,808",Tottenham Hotspur Stadium,Stuart Attwell,2024
18,Sat,23 December 2023,23,12,2023,15:00,Nott'ham Forest,1,2–3,2,3,1.6,Bournemouth,"29,188",The City Ground,Robert Jones,2024
18,Sat,23 December 2023,23,12,2023,17:30,Liverpool,1,1–1,1,1,0.7,Arsenal,"57,548",Anfield,Chris Kavanagh,2024
18,Sun,24 December 2023,24,12,2023,13:00,Wolves,1.3,2–1,2,1,2,Chelsea,"31,641",Molineux Stadium,David Coote,2024
19,Tue,26 December 2023,26,12,2023,12:30,Newcastle Utd,2.4,1–3,1,3,3.5,Nott'ham Forest,"52,207",St James' Park,Chris Kavanagh,2024
19,Tue,26 December 2023,26,12,2023,15:00,Bournemouth,1.8,3–0,3,0,0.3,Fulham,"11,099",Vitality Stadium,Tim Robinson,2024
19,Tue,26 December 2023,26,12,2023,15:00,Sheffield Utd,2.4,2–3,2,3,0.6,Luton Town,"31,041",Bramall Lane,Samuel Allison,2024
19,Tue,26 December 2023,26,12,2023,17:30,Burnley,0.8,0–2,0,2,1.8,Liverpool,"21,624",Turf Moor,Paul Tierney,2024
19,Tue,26 December 2023,26,12,2023,20:00,Manchester Utd,1.1,3–2,3,2,1.7,Aston Villa,"73,574",Old Trafford,Craig Pawson,2024
19,Wed,27 December 2023,27,12,2023,19:30,Chelsea,2.6,2–1,2,1,1.1,Crystal Palace,"39,618",Stamford Bridge,Michael Salisbury,2024
19,Wed,27 December 2023,27,12,2023,19:30,Brentford,2.2,1–4,1,4,2.4,Wolves,"17,109",Gtech Community Stadium,Andy Madley,2024
19,Wed,27 December 2023,27,12,2023,20:15,Everton,1,1–3,1,3,2.4,Manchester City,"39,327",Goodison Park,John Brooks,2024
19,Thu,28 December 2023,28,12,2023,19:30,Brighton,3.2,4–2,4,2,2.3,Tottenham,"31,675",The American Express Community Stadium,Jarred Gillett,2024
19,Thu,28 December 2023,28,12,2023,20:15,Arsenal,2.7,0–2,0,2,1.4,West Ham,"60,261",Emirates Stadium,Michael Oliver,2024
20,Sat,30 December 2023,30,12,2023,12:30,Luton Town,2.3,2–3,2,3,1.5,Chelsea,"11,041",Kenilworth Road Stadium,Paul Tierney,2024
20,Sat,30 December 2023,30,12,2023,15:00,Aston Villa,3.2,3–2,3,2,1.2,Burnley,"41,613",Villa Park,Stuart Attwell,2024
20,Sat,30 December 2023,30,12,2023,15:00,Wolves,1.9,3–0,3,0,0.4,Everton,"31,639",Molineux Stadium,Thomas Bramall,2024
20,Sat,30 December 2023,30,12,2023,15:00,Manchester City,2.2,2–0,2,0,0.3,Sheffield Utd,"53,108",Etihad Stadium,David Coote,2024
20,Sat,30 December 2023,30,12,2023,15:00,Crystal Palace,1,3–1,3,1,1.4,Brentford,"25,472",Selhurst Park,Robert Jones,2024
20,Sat,30 December 2023,30,12,2023,17:30,Nott'ham Forest,0.7,2–1,2,1,0.8,Manchester Utd,"29,529",The City Ground,Tim Robinson,2024
20,Sun,31 December 2023,31,12,2023,14:00,Tottenham,2.3,3–1,3,1,1.7,Bournemouth,"61,780",Tottenham Hotspur Stadium,Simon Hooper,2024
20,Sun,31 December 2023,31,12,2023,14:00,Fulham,1.2,2–1,2,1,1.6,Arsenal,"24,444",Craven Cottage,Joshua Smith,2024
20,Mon,01 January 2024,1,1,2024,20:00,Liverpool,7,4–2,4,2,0.6,Newcastle Utd,"57,471",Anfield,Anthony Taylor,2024
20,Tue,02 January 2024,2,1,2024,19:30,West Ham,0.7,0–0,0,0,2.3,Brighton,"62,462",London Stadium,Samuel Barrott,2024
21,Fri,12 January 2024,12,1,2024,19:45,Burnley,1.1,1–1,1,1,0.9,Luton Town,"20,155",Turf Moor,Tony Harrington,2024
21,Sat,13 January 2024,13,1,2024,12:30,Chelsea,2.2,1–0,1,0,0.8,Fulham,"39,643",Stamford Bridge,Anthony Taylor,2024
21,Sat,13 January 2024,13,1,2024,17:30,Newcastle Utd,1.3,2–3,2,3,3,Manchester City,"52,190",St James' Park,Chris Kavanagh,2024
21,Sun,14 January 2024,14,1,2024,14:00,Everton,1.1,0–0,0,0,1.2,Aston Villa,"39,284",Goodison Park,David Coote,2024
21,Sun,14 January 2024,14,1,2024,16:30,Manchester Utd,0.8,2–2,2,2,1.2,Tottenham,"73,489",Old Trafford,John Brooks,2024
21,Sat,20 January 2024,20,1,2024,12:30,Arsenal,3.3,5–0,5,0,0.3,Crystal Palace,"60,284",Emirates Stadium,Paul Tierney,2024
21,Sat,20 January 2024,20,1,2024,17:30,Brentford,1.2,3–2,3,2,1.2,Nott'ham Forest,"17,077",Gtech Community Stadium,Darren England,2024
21,Sun,21 January 2024,21,1,2024,14:00,Sheffield Utd,2.5,2–2,2,2,2.3,West Ham,"29,164",Bramall Lane,Michael Salisbury,2024
21,Sun,21 January 2024,21,1,2024,16:30,Bournemouth,1.4,0–4,0,4,1.5,Liverpool,"11,228",Vitality Stadium,Andy Madley,2024
21,Mon,22 January 2024,22,1,2024,19:45,Brighton,1,0–0,0,0,1.1,Wolves,"41,505",The American Express Community Stadium,Craig Pawson,2024
22,Tue,30 January 2024,30,1,2024,19:30,Nott'ham Forest,0.5,1–2,1,2,1.2,Arsenal,"29,387",The City Ground,Simon Hooper,2024
22,Tue,30 January 2024,30,1,2024,19:45,Fulham,1.6,0–0,0,0,1.9,Everton,"24,376",Craven Cottage,Thomas Bramall,2024
22,Tue,30 January 2024,30,1,2024,19:45,Luton Town,3.1,4–0,4,0,0.9,Brighton,"10,994",Kenilworth Road Stadium,Robert Jones,2024
22,Tue,30 January 2024,30,1,2024,20:00,Crystal Palace,1.1,3–2,3,2,0.8,Sheffield Utd,"24,781",Selhurst Park,Tony Harrington,2024
22,Tue,30 January 2024,30,1,2024,20:15,Aston Villa,1.4,1–3,1,3,2.6,Newcastle Utd,"42,191",Villa Park,John Brooks,2024
22,Wed,31 January 2024,31,1,2024,19:30,Tottenham,2.9,3–2,3,2,1.6,Brentford,"61,210",Tottenham Hotspur Stadium,David Coote,2024
22,Wed,31 January 2024,31,1,2024,19:30,Manchester City,1.7,3–1,3,1,1.4,Burnley,"52,143",Etihad Stadium,Samuel Barrott,2024
22,Wed,31 January 2024,31,1,2024,20:15,Liverpool,2.9,4–1,4,1,0.6,Chelsea,"57,524",Anfield,Paul Tierney,2024
22,Thu,01 February 2024,1,2,2024,19:30,West Ham,1.4,1–1,1,1,1.2,Bournemouth,"62,478",London Stadium,Tim Robinson,2024
22,Thu,01 February 2024,1,2,2024,20:15,Wolves,2.1,3–4,3,4,3.3,Manchester Utd,"31,641",Molineux Stadium,Jarred Gillett,2024
23,Sat,03 February 2024,3,2,2024,12:30,Everton,2.6,2–2,2,2,1,Tottenham,"39,321",Goodison Park,Michael Oliver,2024
23,Sat,03 February 2024,3,2,2024,15:00,Newcastle Utd,2.3,4–4,4,4,2.4,Luton Town,"52,211",St James' Park,Thomas Bramall,2024
23,Sat,03 February 2024,3,2,2024,15:00,Brighton,1.4,4–1,4,1,0.3,Crystal Palace,"31,345",The American Express Community Stadium,Simon Hooper,2024
23,Sat,03 February 2024,3,2,2024,15:00,Burnley,1.8,2–2,2,2,1.5,Fulham,"20,203",Turf Moor,Darren Bond,2024
23,Sat,03 February 2024,3,2,2024,17:30,Sheffield Utd,1.4,0–5,0,5,2.2,Aston Villa,"30,187",Bramall Lane,Paul Tierney,2024
23,Sun,04 February 2024,4,2,2024,14:00,Bournemouth,1.3,1–1,1,1,0.5,Nott'ham Forest,"11,200",Vitality Stadium,Rebecca Welch,2024
23,Sun,04 February 2024,4,2,2024,14:00,Manchester Utd,0.7,3–0,3,0,1.4,West Ham,"73,612",Old Trafford,Andy Madley,2024
23,Sun,04 February 2024,4,2,2024,14:00,Chelsea,1.7,2–4,2,4,2,Wolves,"39,628",Stamford Bridge,Tim Robinson,2024
23,Sun,04 February 2024,4,2,2024,16:30,Arsenal,3.5,3–1,3,1,0.4,Liverpool,"60,374",Emirates Stadium,Anthony Taylor,2024
23,Mon,05 February 2024,5,2,2024,20:00,Brentford,1,1–3,1,3,2.1,Manchester City,"17,096",Gtech Community Stadium,Jarred Gillett,2024
24,Sat,10 February 2024,10,2,2024,12:30,Manchester City,1.6,2–0,2,0,0.3,Everton,"52,187",Etihad Stadium,John Brooks,2024
24,Sat,10 February 2024,10,2,2024,15:00,Luton Town,1.8,1–3,1,3,1.7,Sheffield Utd,"11,138",Kenilworth Road Stadium,Chris Kavanagh,2024
24,Sat,10 February 2024,10,2,2024,15:00,Liverpool,2.8,3–1,3,1,1.3,Burnley,"59,896",Anfield,Tim Robinson,2024
24,Sat,10 February 2024,10,2,2024,15:00,Wolves,1,0–2,0,2,1.9,Brentford,"30,731",Molineux Stadium,Simon Hooper,2024
24,Sat,10 February 2024,10,2,2024,15:00,Fulham,1.6,3–1,3,1,1.8,Bournemouth,"24,271",Craven Cottage,Darren England,2024
24,Sat,10 February 2024,10,2,2024,15:00,Tottenham,1.6,2–1,2,1,1.2,Brighton,"61,445",Tottenham Hotspur Stadium,Samuel Barrott,2024
24,Sat,10 February 2024,10,2,2024,17:30,Nott'ham Forest,1.5,2–3,2,3,0.5,Newcastle Utd,"29,451",The City Ground,Anthony Taylor,2024
24,Sun,11 February 2024,11,2,2024,14:00,West Ham,0.2,0–6,0,6,3.6,Arsenal,"62,475",London Stadium,Craig Pawson,2024
24,Sun,11 February 2024,11,2,2024,16:30,Aston Villa,2.4,1–2,1,2,1.8,Manchester Utd,"42,185",Villa Park,Robert Jones,2024
24,Mon,12 February 2024,12,2,2024,20:00,Crystal Palace,0.6,1–3,1,3,1.4,Chelsea,"25,110",Selhurst Park,Michael Oliver,2024
25,Sat,17 February 2024,17,2,2024,12:30,Brentford,1.6,1–4,1,4,2.8,Liverpool,"17,193",Gtech Community Stadium,Michael Oliver,2024
25,Sat,17 February 2024,17,2,2024,15:00,Newcastle Utd,2.2,2–2,2,2,2.2,Bournemouth,"52,224",St James' Park,Michael Salisbury,2024
25,Sat,17 February 2024,17,2,2024,15:00,Tottenham,1.6,1–2,1,2,1.8,Wolves,"61,532",Tottenham Hotspur Stadium,Anthony Taylor,2024
25,Sat,17 February 2024,17,2,2024,15:00,Burnley,0.3,0–5,0,5,2.3,Arsenal,"21,311",Turf Moor,Jarred Gillett,2024
25,Sat,17 February 2024,17,2,2024,15:00,Fulham,1.5,1–2,1,2,1.5,Aston Villa,"24,401",Craven Cottage,Lewis Smith,2024
25,Sat,17 February 2024,17,2,2024,15:00,Nott'ham Forest,2.8,2–0,2,0,0.5,West Ham,"29,490",The City Ground,Thomas Bramall,2024
25,Sat,17 February 2024,17,2,2024,17:30,Manchester City,2.6,1–1,1,1,1.4,Chelsea,"52,178",Etihad Stadium,Andy Madley,2024
25,Sun,18 February 2024,18,2,2024,14:00,Sheffield Utd,0.6,0–5,0,5,2.9,Brighton,"29,522",Bramall Lane,Stuart Attwell,2024
25,Sun,18 February 2024,18,2,2024,16:30,Luton Town,1.8,1–2,1,2,2.9,Manchester Utd,"11,483",Kenilworth Road Stadium,David Coote,2024
25,Mon,19 February 2024,19,2,2024,20:00,Everton,1.7,1–1,1,1,0.7,Crystal Palace,"38,164",Goodison Park,Paul Tierney,2024
18,Tue,20 February 2024,20,2,2024,19:30,Manchester City,2.3,1–0,1,0,0.4,Brentford,"52,247",Etihad Stadium,Darren England,2024
26,Wed,21 February 2024,21,2,2024,19:30,Liverpool,3.3,4–1,4,1,0.9,Luton Town,"59,713",Anfield,Andy Madley,2024
26,Sat,24 February 2024,24,2,2024,15:00,Manchester Utd,1.7,1–2,1,2,1.2,Fulham,"73,487",Old Trafford,Michael Oliver,2024
26,Sat,24 February 2024,24,2,2024,15:00,Crystal Palace,2.4,3–0,3,0,0.1,Burnley,"24,042",Selhurst Park,Lewis Smith,2024
26,Sat,24 February 2024,24,2,2024,15:00,Brighton,1.4,1–1,1,1,0.3,Everton,"41,646",The American Express Community Stadium,Tony Harrington,2024
26,Sat,24 February 2024,24,2,2024,15:00,Aston Villa,3.6,4–2,4,2,2.6,Nott'ham Forest,"42,131",Villa Park,Samuel Barrott,2024
26,Sat,24 February 2024,24,2,2024,17:30,Bournemouth,0.9,0–1,0,1,1.6,Manchester City,"11,184",Vitality Stadium,Jarred Gillett,2024
26,Sat,24 February 2024,24,2,2024,20:00,Arsenal,2.8,4–1,4,1,0.2,Newcastle Utd,"60,298",Emirates Stadium,Paul Tierney,2024
26,Sun,25 February 2024,25,2,2024,13:30,Wolves,1.3,1–0,1,0,0.6,Sheffield Utd,"30,789",Molineux Stadium,Darren Bond,2024
26,Mon,26 February 2024,26,2,2024,20:00,West Ham,1.7,4–2,4,2,0.9,Brentford,"62,450",London Stadium,Simon Hooper,2024
27,Sat,02 March 2024,2,3,2024,15:00,Fulham,1.3,3–0,3,0,1.3,Brighton,"24,460",Craven Cottage,Simon Hooper,2024
27,Sat,02 March 2024,2,3,2024,15:00,Tottenham,1.9,3–1,3,1,0.3,Crystal Palace,"61,339",Tottenham Hotspur Stadium,John Brooks,2024
27,Sat,02 March 2024,2,3,2024,15:00,Brentford,1.8,2–2,2,2,1.8,Chelsea,"17,140",Gtech Community Stadium,Jarred Gillett,2024
27,Sat,02 March 2024,2,3,2024,15:00,Newcastle Utd,2.1,3–0,3,0,0.8,Wolves,"52,206",St James' Park,Tim Robinson,2024
27,Sat,02 March 2024,2,3,2024,15:00,Nott'ham Forest,1,0–1,0,1,2,Liverpool,"29,603",The City Ground,Paul Tierney,2024
27,Sat,02 March 2024,2,3,2024,15:00,Everton,2.7,1–3,1,3,1.9,West Ham,"39,262",Goodison Park,Craig Pawson,2024
27,Sat,02 March 2024,2,3,2024,17:30,Luton Town,1.8,2–3,2,3,1.9,Aston Villa,"11,594",Kenilworth Road Stadium,Michael Oliver,2024
27,Sun,03 March 2024,3,3,2024,13:00,Burnley,1.5,0–2,0,2,1.1,Bournemouth,"19,713",Turf Moor,David Coote,2024
27,Sun,03 March 2024,3,3,2024,15:30,Manchester City,3.3,3–1,3,1,0.2,Manchester Utd,"53,514",Etihad Stadium,Andy Madley,2024
27,Mon,04 March 2024,4,3,2024,20:00,Sheffield Utd,0.2,0–6,0,6,2.3,Arsenal,"29,157",Bramall Lane,Samuel Barrott,2024
28,Sat,09 March 2024,9,3,2024,12:30,Manchester Utd,2.7,2–0,2,0,1.6,Everton,"73,601",Old Trafford,Simon Hooper,2024
28,Sat,09 March 2024,9,3,2024,15:00,Bournemouth,3.3,2–2,2,2,1.2,Sheffield Utd,"11,074",Vitality Stadium,Anthony Taylor,2024
28,Sat,09 March 2024,9,3,2024,15:00,Wolves,0.8,2–1,2,1,2.6,Fulham,"30,860",Molineux Stadium,Tony Harrington,2024
28,Sat,09 March 2024,9,3,2024,15:00,Crystal Palace,2.7,1–1,1,1,0.8,Luton Town,"25,103",Selhurst Park,Sunny Singh,2024
28,Sat,09 March 2024,9,3,2024,17:30,Arsenal,1.3,2–1,2,1,1,Brentford,"60,331",Emirates Stadium,Robert Jones,2024
28,Sun,10 March 2024,10,3,2024,13:00,Aston Villa,0.8,0–4,0,4,1.5,Tottenham,"42,310",Villa Park,Chris Kavanagh,2024
28,Sun,10 March 2024,10,3,2024,14:00,West Ham,2.1,2–2,2,2,0.7,Burnley,"62,441",London Stadium,Darren England,2024
28,Sun,10 March 2024,10,3,2024,14:00,Brighton,0.4,1–0,1,0,0.7,Nott'ham Forest,"31,505",The American Express Community Stadium,Michael Salisbury,2024
28,Sun,10 March 2024,10,3,2024,15:45,Liverpool,2.7,1–1,1,1,1.6,Manchester City,"59,947",Anfield,Michael Oliver,2024
28,Mon,11 March 2024,11,3,2024,20:00,Chelsea,1.6,3–2,3,2,0.7,Newcastle Utd,"37,753",Stamford Bridge,John Brooks,2024
17,Wed,13 March 2024,13,3,2024,19:30,Bournemouth,2.3,4–3,4,3,2,Luton Town,"11,198",Vitality Stadium,Samuel Allison,2024
29,Sat,16 March 2024,16,3,2024,15:00,Luton Town,0.6,1–1,1,1,2,Nott'ham Forest,"11,630",Kenilworth Road Stadium,Darren England,2024
29,Sat,16 March 2024,16,3,2024,15:00,Burnley,2.8,2–1,2,1,1.1,Brentford,"20,431",Turf Moor,Darren Bond,2024
29,Sat,16 March 2024,16,3,2024,17:30,Fulham,2.6,3–0,3,0,2.4,Tottenham,"24,410",Craven Cottage,Robert Jones,2024
29,Sun,17 March 2024,17,3,2024,14:00,West Ham,2,1–1,1,1,0.7,Aston Villa,"62,461",London Stadium,Jarred Gillett,2024
30,Sat,30 March 2024,30,3,2024,12:30,Newcastle Utd,4.1,4–3,4,3,1.4,West Ham,"52,199",St James' Park,Robert Jones,2024
30,Sat,30 March 2024,30,3,2024,15:00,Bournemouth,1.3,2–1,2,1,1,Everton,"11,207",Vitality Stadium,Samuel Barrott,2024
30,Sat,30 March 2024,30,3,2024,15:00,Tottenham,2.9,2–1,2,1,0.5,Luton Town,"61,534",Tottenham Hotspur Stadium,Jarred Gillett,2024
30,Sat,30 March 2024,30,3,2024,15:00,Nott'ham Forest,0.9,1–1,1,1,1.2,Crystal Palace,"29,520",The City Ground,Chris Kavanagh,2024
30,Sat,30 March 2024,30,3,2024,15:00,Sheffield Utd,1.9,3–3,3,3,1.3,Fulham,"30,010",Bramall Lane,Tim Robinson,2024
30,Sat,30 March 2024,30,3,2024,15:00,Chelsea,4.2,2–2,2,2,1.6,Burnley,"39,535",Stamford Bridge,Darren England,2024
30,Sat,30 March 2024,30,3,2024,17:30,Aston Villa,1,2–0,2,0,1.5,Wolves,"42,640",Villa Park,Paul Tierney,2024
30,Sat,30 March 2024,30,3,2024,20:00,Brentford,3.2,1–1,1,1,0.6,Manchester Utd,"17,138",Gtech Community Stadium,Simon Hooper,2024
30,Sun,31 March 2024,31,3,2024,14:00,Liverpool,2.8,2–1,2,1,0.5,Brighton,"60,061",Anfield,David Coote,2024
30,Sun,31 March 2024,31,3,2024,16:30,Manchester City,1,0–0,0,0,0.7,Arsenal,"52,178",Etihad Stadium,Anthony Taylor,2024
31,Tue,02 April 2024,2,4,2024,19:30,Newcastle Utd,2.4,1–1,1,1,1.4,Everton,"52,135",St James' Park,Tony Harrington,2024
31,Tue,02 April 2024,2,4,2024,19:30,Nott'ham Forest,1.5,3–1,3,1,1.5,Fulham,"28,997",The City Ground,Michael Oliver,2024
31,Tue,02 April 2024,2,4,2024,19:45,Bournemouth,1.1,1–0,1,0,0.2,Crystal Palace,"11,058",Vitality Stadium,Graham Scott,2024
31,Tue,02 April 2024,2,4,2024,19:45,Burnley,1.3,1–1,1,1,0.9,Wolves,"21,528",Turf Moor,Thomas Bramall,2024
31,Tue,02 April 2024,2,4,2024,20:15,West Ham,1.5,1–1,1,1,1,Tottenham,"62,469",London Stadium,John Brooks,2024
31,Wed,03 April 2024,3,4,2024,19:30,Arsenal,0.7,2–0,2,0,0.3,Luton Town,"60,262",Emirates Stadium,Craig Pawson,2024
31,Wed,03 April 2024,3,4,2024,19:30,Brentford,0.6,0–0,0,0,1.1,Brighton,"17,024",Gtech Community Stadium,Andy Madley,2024
31,Wed,03 April 2024,3,4,2024,20:15,Manchester City,3.4,4–1,4,1,0.8,Aston Villa,"53,422",Etihad Stadium,Darren England,2024
31,Thu,04 April 2024,4,4,2024,19:30,Liverpool,1.8,3–1,3,1,0.6,Sheffield Utd,"60,055",Anfield,Stuart Attwell,2024
31,Thu,04 April 2024,4,4,2024,20:15,Chelsea,3,4–3,4,3,1.5,Manchester Utd,"39,694",Stamford Bridge,Jarred Gillett,2024
32,Sat,06 April 2024,6,4,2024,12:30,Crystal Palace,1.1,2–4,2,4,1.9,Manchester City,"25,132",Selhurst Park,Paul Tierney,2024
32,Sat,06 April 2024,6,4,2024,15:00,Luton Town,1.5,2–1,2,1,0.4,Bournemouth,"11,797",Kenilworth Road Stadium,Andy Madley,2024
32,Sat,06 April 2024,6,4,2024,15:00,Wolves,1.5,1–2,1,2,1.2,West Ham,"31,504",Molineux Stadium,Tony Harrington,2024
32,Sat,06 April 2024,6,4,2024,15:00,Fulham,1.2,0–1,0,1,1,Newcastle Utd,"24,418",Craven Cottage,Samuel Allison,2024
32,Sat,06 April 2024,6,4,2024,15:00,Everton,0.9,1–0,1,0,0.5,Burnley,"39,125",Goodison Park,Michael Oliver,2024
32,Sat,06 April 2024,6,4,2024,15:00,Aston Villa,1.5,3–3,3,3,1.5,Brentford,"42,118",Villa Park,Michael Salisbury,2024
32,Sat,06 April 2024,6,4,2024,17:30,Brighton,0.5,0–3,0,3,3.4,Arsenal,"31,677",The American Express Community Stadium,John Brooks,2024
32,Sun,07 April 2024,7,4,2024,15:30,Manchester Utd,0.7,2–2,2,2,3.6,Liverpool,"73,501",Old Trafford,Anthony Taylor,2024
32,Sun,07 April 2024,7,4,2024,17:30,Sheffield Utd,1.4,2–2,2,2,0.3,Chelsea,"28,638",Bramall Lane,Robert Jones,2024
32,Sun,07 April 2024,7,4,2024,18:00,Tottenham,1.5,3–1,3,1,1.5,Nott'ham Forest,"61,098",Tottenham Hotspur Stadium,Simon Hooper,2024
33,Sat,13 April 2024,13,4,2024,12:30,Newcastle Utd,2.8,4–0,4,0,0.8,Tottenham,"52,147",St James' Park,Tim Robinson,2024
33,Sat,13 April 2024,13,4,2024,15:00,Manchester City,4.2,5–1,5,1,0.5,Luton Town,"52,149",Etihad Stadium,John Brooks,2024
33,Sat,13 April 2024,13,4,2024,15:00,Nott'ham Forest,1.9,2–2,2,2,1,Wolves,"29,604",The City Ground,Craig Pawson,2024
33,Sat,13 April 2024,13,4,2024,15:00,Brentford,1,2–0,2,0,0.8,Sheffield Utd,"17,115",Gtech Community Stadium,Samuel Barrott,2024
33,Sat,13 April 2024,13,4,2024,15:00,Burnley,1.7,1–1,1,1,0.9,Brighton,"20,687",Turf Moor,Simon Hooper,2024
33,Sat,13 April 2024,13,4,2024,17:30,Bournemouth,1.6,2–2,2,2,1.2,Manchester Utd,"11,229",Vitality Stadium,Tony Harrington,2024
33,Sun,14 April 2024,14,4,2024,14:00,Liverpool,2.7,0–1,0,1,2,Crystal Palace,"60,090",Anfield,Chris Kavanagh,2024
33,Sun,14 April 2024,14,4,2024,14:00,West Ham,0.9,0–2,0,2,3.2,Fulham,"62,459",London Stadium,Stuart Attwell,2024
33,Sun,14 April 2024,14,4,2024,16:30,Arsenal,1.6,0–2,0,2,0.9,Aston Villa,"60,350",Emirates Stadium,David Coote,2024
33,Mon,15 April 2024,15,4,2024,20:00,Chelsea,3.1,6–0,6,0,1.5,Everton,"39,392",Stamford Bridge,Paul Tierney,2024
34,Sat,20 April 2024,20,4,2024,15:00,Luton Town,0.6,1–5,1,5,3.1,Brentford,"11,877",Kenilworth Road Stadium,Jarred Gillett,2024
34,Sat,20 April 2024,20,4,2024,15:00,Sheffield Utd,2.4,1–4,1,4,2.2,Burnley,"28,964",Bramall Lane,Andy Madley,2024
34,Sat,20 April 2024,20,4,2024,19:30,Wolves,0.2,0–2,0,2,1.2,Arsenal,"31,621",Molineux Stadium,Paul Tierney,2024
34,Sun,21 April 2024,21,4,2024,13:30,Everton,0.3,2–0,2,0,0.9,Nott'ham Forest,"39,239",Goodison Park,Anthony Taylor,2024
34,Sun,21 April 2024,21,4,2024,15:00,Aston Villa,2.4,3–1,3,1,1.8,Bournemouth,"42,189",Villa Park,Tim Robinson,2024
34,Sun,21 April 2024,21,4,2024,15:00,Crystal Palace,2.4,5–2,5,2,1.3,West Ham,"25,145",Selhurst Park,Graham Scott,2024
34,Sun,21 April 2024,21,4,2024,16:30,Fulham,0.8,1–3,1,3,1,Liverpool,"24,414",Craven Cottage,Craig Pawson,2024
29,Tue,23 April 2024,23,4,2024,20:00,Arsenal,3.3,5–0,5,0,1.6,Chelsea,"60,238",Emirates Stadium,Simon Hooper,2024
29,Wed,24 April 2024,24,4,2024,19:45,Wolves,0.5,0–1,0,1,1.9,Bournemouth,"25,541",Molineux Stadium,Stuart Attwell,2024
29,Wed,24 April 2024,24,4,2024,20:00,Manchester Utd,2.9,4–2,4,2,0.8,Sheffield Utd,"73,549",Old Trafford,Michael Salisbury,2024
29,Wed,24 April 2024,24,4,2024,20:00,Everton,1.2,2–0,2,0,2.1,Liverpool,"38,222",Goodison Park,Andy Madley,2024
29,Wed,24 April 2024,24,4,2024,20:00,Crystal Palace,0.9,2–0,2,0,0.4,Newcastle Utd,"25,002",Selhurst Park,Thomas Bramall,2024
29,Thu,25 April 2024,25,4,2024,20:00,Brighton,0.6,0–4,0,4,1.4,Manchester City,"31,596",The American Express Community Stadium,Jarred Gillett,2024
35,Sat,27 April 2024,27,4,2024,12:30,West Ham,0.7,2–2,2,2,1.7,Liverpool,"62,474",London Stadium,Anthony Taylor,2024
35,Sat,27 April 2024,27,4,2024,15:00,Wolves,1.2,2–1,2,1,0.6,Luton Town,"31,531",Molineux Stadium,David Coote,2024
35,Sat,27 April 2024,27,4,2024,15:00,Fulham,1.1,1–1,1,1,1,Crystal Palace,"24,142",Craven Cottage,Stuart Attwell,2024
35,Sat,27 April 2024,27,4,2024,15:00,Manchester Utd,2.7,1–1,1,1,2.1,Burnley,"73,571",Old Trafford,John Brooks,2024
35,Sat,27 April 2024,27,4,2024,15:00,Newcastle Utd,3.1,5–1,5,1,1.5,Sheffield Utd,"52,196",St James' Park,Tony Harrington,2024
35,Sat,27 April 2024,27,4,2024,17:30,Everton,0.8,1–0,1,0,0.9,Brentford,"39,098",Goodison Park,Darren England,2024
35,Sat,27 April 2024,27,4,2024,20:00,Aston Villa,1.1,2–2,2,2,1.6,Chelsea,"42,354",Villa Park,Craig Pawson,2024
35,Sun,28 April 2024,28,4,2024,14:00,Tottenham,2.3,2–3,2,3,1,Arsenal,"61,554",Tottenham Hotspur Stadium,Michael Oliver,2024
35,Sun,28 April 2024,28,4,2024,14:00,Bournemouth,1.9,3–0,3,0,0.9,Brighton,"11,188",Vitality Stadium,Paul Tierney,2024
35,Sun,28 April 2024,28,4,2024,16:30,Nott'ham Forest,1.9,0–2,0,2,0.9,Manchester City,"29,677",The City Ground,Simon Hooper,2024
26,Thu,02 May 2024,2,5,2024,19:30,Chelsea,2.2,2–0,2,0,1.6,Tottenham,"39,086",Stamford Bridge,Robert Jones,2024
36,Fri,03 May 2024,3,5,2024,20:00,Luton Town,0.8,1–1,1,1,1.4,Everton,"11,873",Kenilworth Road Stadium,Tim Robinson,2024
36,Sat,04 May 2024,4,5,2024,12:30,Arsenal,3.3,3–0,3,0,0.5,Bournemouth,"60,348",Emirates Stadium,David Coote,2024
36,Sat,04 May 2024,4,5,2024,15:00,Burnley,1,1–4,1,4,3.4,Newcastle Utd,"21,781",Turf Moor,Anthony Taylor,2024
36,Sat,04 May 2024,4,5,2024,15:00,Sheffield Utd,2.2,1–3,1,3,1.4,Nott'ham Forest,"28,516",Bramall Lane,Chris Kavanagh,2024
36,Sat,04 May 2024,4,5,2024,15:00,Brentford,0.6,0–0,0,0,1.3,Fulham,"17,090",Gtech Community Stadium,Graham Scott,2024
36,Sat,04 May 2024,4,5,2024,17:30,Manchester City,3.7,5–1,5,1,0.3,Wolves,"52,439",Etihad Stadium,Craig Pawson,2024
36,Sun,05 May 2024,5,5,2024,14:00,Brighton,2.5,1–0,1,0,0.1,Aston Villa,"31,596",The American Express Community Stadium,Robert Jones,2024
36,Sun,05 May 2024,5,5,2024,14:00,Chelsea,4.1,5–0,5,0,0.9,West Ham,"39,295",Stamford Bridge,Andy Madley,2024
36,Sun,05 May 2024,5,5,2024,16:30,Liverpool,3.3,4–2,4,2,1.2,Tottenham,"60,075",Anfield,Paul Tierney,2024
36,Mon,06 May 2024,6,5,2024,20:00,Crystal Palace,1.7,4–0,4,0,0.4,Manchester Utd,"25,190",Selhurst Park,Jarred Gillett,2024
37,Sat,11 May 2024,11,5,2024,12:30,Fulham,0.1,0–4,0,4,3.2,Manchester City,"24,418",Craven Cottage,Anthony Taylor,2024
37,Sat,11 May 2024,11,5,2024,15:00,Wolves,1.6,1–3,1,3,2.6,Crystal Palace,"31,424",Molineux Stadium,Thomas Bramall,2024
37,Sat,11 May 2024,11,5,2024,15:00,West Ham,3.2,3–1,3,1,0.3,Luton Town,"62,475",London Stadium,Michael Oliver,2024
37,Sat,11 May 2024,11,5,2024,15:00,Tottenham,2.7,2–1,2,1,0.7,Burnley,"61,148",Tottenham Hotspur Stadium,Jarred Gillett,2024
37,Sat,11 May 2024,11,5,2024,15:00,Everton,2.3,1–0,1,0,0.6,Sheffield Utd,"39,221",Goodison Park,Stuart Attwell,2024
37,Sat,11 May 2024,11,5,2024,15:00,Newcastle Utd,2.2,1–1,1,1,1.4,Brighton,"51,997",St James' Park,Darren England,2024
37,Sat,11 May 2024,11,5,2024,15:00,Bournemouth,0.7,1–2,1,2,1.1,Brentford,"11,154",Vitality Stadium,Matt Donohue,2024
37,Sat,11 May 2024,11,5,2024,17:30,Nott'ham Forest,1.5,2–3,2,3,1.6,Chelsea,"29,708",The City Ground,Tony Harrington,2024
37,Sun,12 May 2024,12,5,2024,16:30,Manchester Utd,0.5,0–1,0,1,1.5,Arsenal,"73,600",Old Trafford,Paul Tierney,2024
37,Mon,13 May 2024,13,5,2024,20:00,Aston Villa,3.1,3–3,3,3,1.7,Liverpool,"42,241",Villa Park,Simon Hooper,2024
34,Tue,14 May 2024,14,5,2024,20:00,Tottenham,1.7,0–2,0,2,2.4,Manchester City,"61,065",Tottenham Hotspur Stadium,Chris Kavanagh,2024
34,Wed,15 May 2024,15,5,2024,19:45,Brighton,1.3,1–2,1,2,1.5,Chelsea,"31,555",The American Express Community Stadium,Michael Salisbury,2024
34,Wed,15 May 2024,15,5,2024,20:00,Manchester Utd,1.5,3–2,3,2,2.2,Newcastle Utd,"73,582",Old Trafford,Robert Jones,2024
38,Sun,19 May 2024,19,5,2024,16:00,Luton Town,2,2–4,2,4,1.1,Fulham,"12,027",Kenilworth Road Stadium,Matt Donohue,2024
38,Sun,19 May 2024,19,5,2024,16:00,Sheffield Utd,1,0–3,0,3,3.1,Tottenham,"29,116",Bramall Lane,Andy Madley,2024
38,Sun,19 May 2024,19,5,2024,16:00,Manchester City,1.9,3–1,3,1,0.4,West Ham,"55,097",Etihad Stadium,John Brooks,2024
38,Sun,19 May 2024,19,5,2024,16:00,Arsenal,2.9,2–1,2,1,0.6,Everton,"60,312",Emirates Stadium,Michael Oliver,2024
38,Sun,19 May 2024,19,5,2024,16:00,Brighton,1.7,0–2,0,2,1.3,Manchester Utd,"31,662",The American Express Community Stadium,Craig Pawson,2024
38,Sun,19 May 2024,19,5,2024,16:00,Brentford,1.1,2–4,2,4,3.4,Newcastle Utd,"17,124",Gtech Community Stadium,Simon Hooper,2024
38,Sun,19 May 2024,19,5,2024,16:00,Chelsea,1.1,2–1,2,1,2.2,Bournemouth,"39,724",Stamford Bridge,Anthony Taylor,2024
38,Sun,19 May 2024,19,5,2024,16:00,Crystal Palace,2.5,5–0,5,0,0.9,Aston Villa,"25,191",Selhurst Park,Darren Bond,2024
38,Sun,19 May 2024,19,5,2024,16:00,Liverpool,4.5,2–0,2,0,0.5,Wolves,"60,059",Anfield,Chris Kavanagh,2024
38,Sun,19 May 2024,19,5,2024,16:00,Burnley,1.2,1–2,1,2,1.7,Nott'ham Forest,"21,109",Turf Moor,Graham Scott,2024
35,Sun,28 April 2024,28,4,2024,14:00,Tottenham,2.3,2–3,2,3,1,Arsenal,"61,554",Tottenham Hotspur Stadium,Michael Oliver,2024
35,Sun,28 April 2024,28,4,2024,14:00,Bournemouth,1.9,3–0,3,0,0.9,Brighton,"11,188",Vitality Stadium,Paul Tierney,2024
35,Sun,28 April 2024,28,4,2024,16:30,Nott'ham Forest,1.9,0–2,0,2,0.9,Manchester City,"29,677",The City Ground,Simon Hooper,2024
26,Thu,02 May 2024,2,5,2024,19:30,Chelsea,2.2,2–0,2,0,1.6,Tottenham,"39,086",Stamford Bridge,Robert Jones,2024
36,Fri,03 May 2024,3,5,2024,20:00,Luton Town,0.8,1–1,1,1,1.4,Everton,"11,873",Kenilworth Road Stadium,Tim Robinson,2024
36,Sat,04 May 2024,4,5,2024,12:30,Arsenal,3.3,3–0,3,0,0.5,Bournemouth,"60,348",Emirates Stadium,David Coote,2024
36,Sat,04 May 2024,4,5,2024,15:00,Burnley,1,1–4,1,4,3.4,Newcastle Utd,"21,781",Turf Moor,Anthony Taylor,2024
36,Sat,04 May 2024,4,5,2024,15:00,Sheffield Utd,2.2,1–3,1,3,1.4,Nott'ham Forest,"28,516",Bramall Lane,Chris Kavanagh,2024
36,Sat,04 May 2024,4,5,2024,15:00,Brentford,0.6,0–0,0,0,1.3,Fulham,"17,090",Gtech Community Stadium,Graham Scott,2024
36,Sat,04 May 2024,4,5,2024,17:30,Manchester City,3.7,5–1,5,1,0.3,Wolves,"52,439",Etihad Stadium,Craig Pawson,2024
36,Sun,05 May 2024,5,5,2024,14:00,Brighton,2.5,1–0,1,0,0.1,Aston Villa,"31,596",The American Express Community Stadium,Robert Jones,2024
36,Sun,05 May 2024,5,5,2024,14:00,Chelsea,4.1,5–0,5,0,0.9,West Ham,"39,295",Stamford Bridge,Andy Madley,2024
36,Sun,05 May 2024,5,5,2024,16:30,Liverpool,3.3,4–2,4,2,1.2,Tottenham,"60,075",Anfield,Paul Tierney,2024
36,Mon,06 May 2024,6,5,2024,20:00,Crystal Palace,1.7,4–0,4,0,0.4,Manchester Utd,"25,190",Selhurst Park,Jarred Gillett,2024
37,Sat,11 May 2024,11,5,2024,12:30,Fulham,0.1,0–4,0,4,3.2,Manchester City,"24,418",Craven Cottage,Anthony Taylor,2024
37,Sat,11 May 2024,11,5,2024,15:00,Wolves,1.6,1–3,1,3,2.6,Crystal Palace,"31,424",Molineux Stadium,Thomas Bramall,2024
37,Sat,11 May 2024,11,5,2024,15:00,West Ham,3.2,3–1,3,1,0.3,Luton Town,"62,475",London Stadium,Michael Oliver,2024
37,Sat,11 May 2024,11,5,2024,15:00,Tottenham,2.7,2–1,2,1,0.7,Burnley,"61,148",Tottenham Hotspur Stadium,Jarred Gillett,2024
37,Sat,11 May 2024,11,5,2024,15:00,Everton,2.3,1–0,1,0,0.6,Sheffield Utd,"39,221",Goodison Park,Stuart Attwell,2024
37,Sat,11 May 2024,11,5,2024,15:00,Newcastle Utd,2.2,1–1,1,1,1.4,Brighton,"51,997",St James' Park,Darren England,2024
37,Sat,11 May 2024,11,5,2024,15:00,Bournemouth,0.7,1–2,1,2,1.1,Brentford,"11,154",Vitality Stadium,Matt Donohue,2024
37,Sat,11 May 2024,11,5,2024,17:30,Nott'ham Forest,1.5,2–3,2,3,1.6,Chelsea,"29,708",The City Ground,Tony Harrington,2024
37,Sun,12 May 2024,12,5,2024,16:30,Manchester Utd,0.5,0–1,0,1,1.5,Arsenal,"73,600",Old Trafford,Paul Tierney,2024
37,Mon,13 May 2024,13,5,2024,20:00,Aston Villa,3.1,3–3,3,3,1.7,Liverpool,"42,241",Villa Park,Simon Hooper,2024
34,Tue,14 May 2024,14,5,2024,20:00,Tottenham,1.7,0–2,0,2,2.4,Manchester City,"61,065",Tottenham Hotspur Stadium,Chris Kavanagh,2024
34,Wed,15 May 2024,15,5,2024,19:45,Brighton,1.3,1–2,1,2,1.5,Chelsea,"31,555",The American Express Community Stadium,Michael Salisbury,2024
34,Wed,15 May 2024,15,5,2024,20:00,Manchester Utd,1.5,3–2,3,2,2.2,Newcastle Utd,"73,582",Old Trafford,Robert Jones,2024
38,Sun,19 May 2024,19,5,2024,16:00,Luton Town,2,2–4,2,4,1.1,Fulham,"12,027",Kenilworth Road Stadium,Matt Donohue,2024
38,Sun,19 May 2024,19,5,2024,16:00,Sheffield Utd,1,0–3,0,3,3.1,Tottenham,"29,116",Bramall Lane,Andy Madley,2024
38,Sun,19 May 2024,19,5,2024,16:00,Manchester City,1.9,3–1,3,1,0.4,West Ham,"55,097",Etihad Stadium,John Brooks,2024
38,Sun,19 May 2024,19,5,2024,16:00,Arsenal,2.9,2–1,2,1,0.6,Everton,"60,312",Emirates Stadium,Michael Oliver,2024
38,Sun,19 May 2024,19,5,2024,16:00,Brighton,1.7,0–2,0,2,1.3,Manchester Utd,"31,662",The American Express Community Stadium,Craig Pawson,2024
38,Sun,19 May 2024,19,5,2024,16:00,Brentford,1.1,2–4,2,4,3.4,Newcastle Utd,"17,124",Gtech Community Stadium,Simon Hooper,2024
38,Sun,19 May 2024,19,5,2024,16:00,Chelsea,1.1,2–1,2,1,2.2,Bournemouth,"39,724",Stamford Bridge,Anthony Taylor,2024
38,Sun,19 May 2024,19,5,2024,16:00,Crystal Palace,2.5,5–0,5,0,0.9,Aston Villa,"25,191",Selhurst Park,Darren Bond,2024
38,Sun,19 May 2024,19,5,2024,16:00,Liverpool,4.5,2–0,2,0,0.5,Wolves,"60,059",Anfield,Chris Kavanagh,2024
38,Sun,19 May 2024,19,5,2024,16:00,Burnley,1.2,1–2,1,2,1.7,Nott'ham Forest,"21,109",Turf Moor,Graham Scott,2024
1,Fri,05 August 2022,5,8,2022,20:00,Crystal Palace,1.2,0–2,0,2,1,Arsenal,"25,286",Selhurst Park,Anthony Taylor,2023
1,Sat,06 August 2022,6,8,2022,12:30,Fulham,1.2,2–2,2,2,1.2,Liverpool,"22,207",Craven Cottage,Andy Madley,2023
1,Sat,06 August 2022,6,8,2022,15:00,Tottenham,1.5,4–1,4,1,0.5,Southampton,"61,732",Tottenham Hotspur Stadium,Andre Marriner,2023
1,Sat,06 August 2022,6,8,2022,15:00,Newcastle Utd,1.7,2–0,2,0,0.3,Nott'ham Forest,"52,245",St James' Park,Simon Hooper,2023
1,Sat,06 August 2022,6,8,2022,15:00,Leeds United,0.8,2–1,2,1,1.3,Wolves,"36,347",Elland Road,Robert Jones,2023
1,Sat,06 August 2022,6,8,2022,15:00,Bournemouth,0.6,2–0,2,0,0.7,Aston Villa,"11,013",Vitality Stadium,Peter Bankes,2023
1,Sat,06 August 2022,6,8,2022,17:30,Everton,0.7,0–1,0,1,1.5,Chelsea,"39,254",Goodison Park,Craig Pawson,2023
1,Sun,07 August 2022,7,8,2022,14:00,Leicester City,0.6,2–2,2,2,0.8,Brentford,"31,794",King Power Stadium,Jarred Gillett,2023
1,Sun,07 August 2022,7,8,2022,14:00,Manchester Utd,1.4,1–2,1,2,1.5,Brighton,"73,711",Old Trafford,Paul Tierney,2023
1,Sun,07 August 2022,7,8,2022,16:30,West Ham,0.5,0–2,0,2,2.2,Manchester City,"62,443",London Stadium,Michael Oliver,2023
2,Sat,13 August 2022,13,8,2022,12:30,Aston Villa,2.3,2–1,2,1,1.6,Everton,"41,883",Villa Park,Michael Oliver,2023
2,Sat,13 August 2022,13,8,2022,15:00,Manchester City,1.7,4–0,4,0,0.1,Bournemouth,"53,453",Etihad Stadium,David Coote,2023
2,Sat,13 August 2022,13,8,2022,15:00,Southampton,1.2,2–2,2,2,1.8,Leeds United,"30,815",St. Mary's Stadium,Tony Harrington,2023
2,Sat,13 August 2022,13,8,2022,15:00,Wolves,0.9,0–0,0,0,1.5,Fulham,"31,178",Molineux Stadium,John Brooks,2023
2,Sat,13 August 2022,13,8,2022,15:00,Arsenal,2.7,4–2,4,2,0.5,Leicester City,"60,033",Emirates Stadium,Darren England,2023
2,Sat,13 August 2022,13,8,2022,15:00,Brighton,1.5,0–0,0,0,0.2,Newcastle Utd,"31,552",The American Express Community Stadium,Graham Scott,2023
2,Sat,13 August 2022,13,8,2022,17:30,Brentford,1.6,4–0,4,0,0.9,Manchester Utd,"17,051",Brentford Community Stadium,Stuart Attwell,2023
2,Sun,14 August 2022,14,8,2022,14:00,Nott'ham Forest,1.3,1–0,1,0,2.1,West Ham,"29,281",The City Ground,Robert Jones,2023
2,Sun,14 August 2022,14,8,2022,16:30,Chelsea,1.6,2–2,2,2,1,Tottenham,"39,946",Stamford Bridge,Anthony Taylor,2023
2,Mon,15 August 2022,15,8,2022,20:00,Liverpool,2,1–1,1,1,1,Crystal Palace,"52,970",Anfield,Paul Tierney,2023
3,Sat,20 August 2022,20,8,2022,12:30,Tottenham,1.7,1–0,1,0,0.7,Wolves,"61,298",Tottenham Hotspur Stadium,Simon Hooper,2023
3,Sat,20 August 2022,20,8,2022,15:00,Leicester City,0.3,1–2,1,2,0.9,Southampton,"30,850",King Power Stadium,Michael Salisbury,2023
3,Sat,20 August 2022,20,8,2022,15:00,Everton,1.5,1–1,1,1,1,Nott'ham Forest,"39,271",Goodison Park,Andre Marriner,2023
3,Sat,20 August 2022,20,8,2022,15:00,Crystal Palace,2.6,3–1,3,1,0.9,Aston Villa,"22,012",Selhurst Park,Andy Madley,2023
3,Sat,20 August 2022,20,8,2022,15:00,Fulham,2.4,3–2,3,2,1.8,Brentford,"21,798",Craven Cottage,Peter Bankes,2023
3,Sat,20 August 2022,20,8,2022,17:30,Bournemouth,0.3,0–3,0,3,1.3,Arsenal,"10,423",Vitality Stadium,Craig Pawson,2023
3,Sun,21 August 2022,21,8,2022,14:00,Leeds United,2.1,3–0,3,0,0.9,Chelsea,"36,372",Elland Road,Stuart Attwell,2023
3,Sun,21 August 2022,21,8,2022,14:00,West Ham,0.8,0–2,0,2,1.7,Brighton,"62,449",London Stadium,Anthony Taylor,2023
3,Sun,21 August 2022,21,8,2022,16:30,Newcastle Utd,1.8,3–3,3,3,2.1,Manchester City,"52,258",St James' Park,Jarred Gillett,2023
3,Mon,22 August 2022,22,8,2022,20:00,Manchester Utd,1.8,2–1,2,1,1.3,Liverpool,"74,147",Old Trafford,Michael Oliver,2023
4,Sat,27 August 2022,27,8,2022,12:30,Southampton,1.4,0–1,0,1,1.1,Manchester Utd,"31,196",St. Mary's Stadium,Andy Madley,2023
4,Sat,27 August 2022,27,8,2022,15:00,Manchester City,2.2,4–2,4,2,0.1,Crystal Palace,"53,112",Etihad Stadium,Darren England,2023
4,Sat,27 August 2022,27,8,2022,15:00,Brighton,2,1–0,1,0,1.8,Leeds United,"30,953",The American Express Community Stadium,Michael Salisbury,2023
4,Sat,27 August 2022,27,8,2022,15:00,Chelsea,1.8,2–1,2,1,2.5,Leicester City,"39,953",Stamford Bridge,Paul Tierney,2023
4,Sat,27 August 2022,27,8,2022,15:00,Brentford,2.1,1–1,1,1,1.1,Everton,"17,009",Brentford Community Stadium,John Brooks,2023
4,Sat,27 August 2022,27,8,2022,15:00,Liverpool,3.3,9–0,9,0,0.3,Bournemouth,"53,328",Anfield,Stuart Attwell,2023
4,Sat,27 August 2022,27,8,2022,17:30,Arsenal,2.6,2–1,2,1,0.8,Fulham,"60,164",Emirates Stadium,Jarred Gillett,2023
4,Sun,28 August 2022,28,8,2022,14:00,Wolves,0.7,1–1,1,1,1.7,Newcastle Utd,"31,311",Molineux Stadium,Peter Bankes,2023
4,Sun,28 August 2022,28,8,2022,14:00,Aston Villa,0.5,0–1,0,1,0.6,West Ham,"41,796",Villa Park,David Coote,2023
4,Sun,28 August 2022,28,8,2022,16:30,Nott'ham Forest,0.9,0–2,0,2,2.4,Tottenham,"29,296",The City Ground,Craig Pawson,2023
5,Tue,30 August 2022,30,8,2022,19:30,Fulham,0.7,2–1,2,1,1.4,Brighton,"22,224",Craven Cottage,Thomas Bramall,2023
5,Tue,30 August 2022,30,8,2022,19:30,Crystal Palace,1,1–1,1,1,1.4,Brentford,"25,043",Selhurst Park,Simon Hooper,2023
5,Tue,30 August 2022,30,8,2022,19:45,Southampton,1.1,2–1,2,1,1.1,Chelsea,"31,542",St. Mary's Stadium,Michael Oliver,2023
5,Tue,30 August 2022,30,8,2022,20:00,Leeds United,1,1–1,1,1,1,Everton,"36,338",Elland Road,Darren England,2023
5,Wed,31 August 2022,31,8,2022,19:30,Bournemouth,0.4,0–0,0,0,1.5,Wolves,"10,113",Vitality Stadium,Anthony Taylor,2023
5,Wed,31 August 2022,31,8,2022,19:30,Manchester City,3.3,6–0,6,0,0.7,Nott'ham Forest,"53,409",Etihad Stadium,Paul Tierney,2023
5,Wed,31 August 2022,31,8,2022,19:30,Arsenal,2.4,2–1,2,1,0.4,Aston Villa,"60,012",Emirates Stadium,Robert Jones,2023
5,Wed,31 August 2022,31,8,2022,19:45,West Ham,1.2,1–1,1,1,0.6,Tottenham,"62,450",London Stadium,Peter Bankes,2023
5,Wed,31 August 2022,31,8,2022,20:00,Liverpool,1.5,2–1,2,1,0.7,Newcastle Utd,"53,316",Anfield,Andre Marriner,2023
5,Thu,01 September 2022,1,9,2022,20:00,Leicester City,0.7,0–1,0,1,1.5,Manchester Utd,"32,226",King Power Stadium,Craig Pawson,2023
6,Sat,03 September 2022,3,9,2022,12:30,Everton,1.7,0–0,0,0,2.1,Liverpool,"39,240",Goodison Park,Anthony Taylor,2023
6,Sat,03 September 2022,3,9,2022,15:00,Nott'ham Forest,1.9,2–3,2,3,0.8,Bournemouth,"28,720",The City Ground,Michael Oliver,2023
6,Sat,03 September 2022,3,9,2022,15:00,Wolves,0.8,1–0,1,0,1.2,Southampton,"30,546",Molineux Stadium,John Brooks,2023
6,Sat,03 September 2022,3,9,2022,15:00,Newcastle Utd,2.8,0–0,0,0,1,Crystal Palace,"51,863",St James' Park,Michael Salisbury,2023
6,Sat,03 September 2022,3,9,2022,15:00,Brentford,2.3,5–2,5,2,1.7,Leeds United,"17,092",Brentford Community Stadium,Robert Jones,2023
6,Sat,03 September 2022,3,9,2022,15:00,Tottenham,2.9,2–1,2,1,0.7,Fulham,"61,641",Tottenham Hotspur Stadium,Stuart Attwell,2023
6,Sat,03 September 2022,3,9,2022,15:00,Chelsea,0.9,2–1,2,1,1.1,West Ham,"39,923",Stamford Bridge,Andy Madley,2023
6,Sat,03 September 2022,3,9,2022,17:30,Aston Villa,0.3,1–1,1,1,2.1,Manchester City,"41,830",Villa Park,Simon Hooper,2023
6,Sun,04 September 2022,4,9,2022,14:00,Brighton,2.6,5–2,5,2,1.4,Leicester City,"31,185",The American Express Community Stadium,Tony Harrington,2023
6,Sun,04 September 2022,4,9,2022,16:30,Manchester Utd,1.5,3–1,3,1,1.3,Arsenal,"73,431",Old Trafford,Paul Tierney,2023
8,Fri,16 September 2022,16,9,2022,20:00,Aston Villa,1.5,1–0,1,0,0.3,Southampton,"40,758",Villa Park,Tony Harrington,2023
8,Fri,16 September 2022,16,9,2022,20:00,Nott'ham Forest,1.4,2–3,2,3,0.9,Fulham,"28,654",The City Ground,Jarred Gillett,2023
8,Sat,17 September 2022,17,9,2022,12:30,Wolves,0.4,0–3,0,3,1.1,Manchester City,"31,578",Molineux Stadium,Anthony Taylor,2023
8,Sat,17 September 2022,17,9,2022,15:00,Newcastle Utd,1.9,1–1,1,1,0.7,Bournemouth,"52,238",St James' Park,Craig Pawson,2023
8,Sat,17 September 2022,17,9,2022,17:30,Tottenham,2.2,6–2,6,2,1.8,Leicester City,"61,450",Tottenham Hotspur Stadium,Simon Hooper,2023
8,Sun,18 September 2022,18,9,2022,12:00,Brentford,0.5,0–3,0,3,1.5,Arsenal,"17,122",Brentford Community Stadium,David Coote,2023
8,Sun,18 September 2022,18,9,2022,14:15,Everton,0.4,1–0,1,0,1,West Ham,"39,298",Goodison Park,Michael Oliver,2023
9,Sat,01 October 2022,1,10,2022,12:30,Arsenal,2.4,3–1,3,1,1.6,Tottenham,"60,278",Emirates Stadium,Anthony Taylor,2023
9,Sat,01 October 2022,1,10,2022,15:00,Southampton,1.7,1–2,1,2,2,Everton,"30,510",St. Mary's Stadium,Andre Marriner,2023
9,Sat,01 October 2022,1,10,2022,15:00,Crystal Palace,0.4,1–2,1,2,1.1,Chelsea,"25,198",Selhurst Park,Chris Kavanagh,2023
9,Sat,01 October 2022,1,10,2022,15:00,Liverpool,1.5,3–3,3,3,1.4,Brighton,"53,320",Anfield,Andy Madley,2023
9,Sat,01 October 2022,1,10,2022,15:00,Fulham,0.5,1–4,1,4,3.3,Newcastle Utd,"22,913",Craven Cottage,Darren England,2023
9,Sat,01 October 2022,1,10,2022,15:00,Bournemouth,0.4,0–0,0,0,0.9,Brentford,"10,126",Vitality Stadium,Thomas Bramall,2023
9,Sat,01 October 2022,1,10,2022,17:30,West Ham,0.9,2–0,2,0,0.7,Wolves,"62,444",London Stadium,Paul Tierney,2023
9,Sun,02 October 2022,2,10,2022,14:00,Manchester City,3.2,6–3,6,3,1.7,Manchester Utd,"53,475",Etihad Stadium,Michael Oliver,2023
9,Sun,02 October 2022,2,10,2022,16:30,Leeds United,0.4,0–0,0,0,2.2,Aston Villa,"36,582",Elland Road,Stuart Attwell,2023
9,Mon,03 October 2022,3,10,2022,20:00,Leicester City,1.3,4–0,4,0,1.1,Nott'ham Forest,"32,202",King Power Stadium,Robert Jones,2023
10,Sat,08 October 2022,8,10,2022,15:00,Bournemouth,1.1,2–1,2,1,1,Leicester City,"10,272",Vitality Stadium,Michael Salisbury,2023
10,Sat,08 October 2022,8,10,2022,15:00,Newcastle Utd,1.5,5–1,5,1,1.2,Brentford,"52,067",St James' Park,John Brooks,2023
10,Sat,08 October 2022,8,10,2022,15:00,Manchester City,2.4,4–0,4,0,0.2,Southampton,"53,365",Etihad Stadium,Andy Madley,2023
10,Sat,08 October 2022,8,10,2022,15:00,Chelsea,1.9,3–0,3,0,1.1,Wolves,"39,940",Stamford Bridge,Simon Hooper,2023
10,Sat,08 October 2022,8,10,2022,17:30,Brighton,0.7,0–1,0,1,0.8,Tottenham,"31,498",The American Express Community Stadium,Tony Harrington,2023
10,Sun,09 October 2022,9,10,2022,14:00,West Ham,2.4,3–1,3,1,0.7,Fulham,"62,407",London Stadium,Chris Kavanagh,2023
10,Sun,09 October 2022,9,10,2022,14:00,Crystal Palace,1.1,2–1,2,1,1,Leeds United,"25,042",Selhurst Park,Paul Tierney,2023
10,Sun,09 October 2022,9,10,2022,16:30,Arsenal,2.7,3–2,3,2,1.1,Liverpool,"60,059",Emirates Stadium,Michael Oliver,2023
10,Sun,09 October 2022,9,10,2022,19:00,Everton,0.6,1–2,1,2,1.4,Manchester Utd,"39,258",Goodison Park,David Coote,2023
10,Mon,10 October 2022,10,10,2022,20:00,Nott'ham Forest,0.3,1–1,1,1,0.7,Aston Villa,"29,208",The City Ground,Anthony Taylor,2023
11,Fri,14 October 2022,14,10,2022,20:00,Brentford,1.5,2–0,2,0,1.9,Brighton,"17,016",Brentford Community Stadium,Michael Salisbury,2023
11,Sat,15 October 2022,15,10,2022,12:30,Leicester City,1,0–0,0,0,0.4,Crystal Palace,"31,298",King Power Stadium,Andy Madley,2023
11,Sat,15 October 2022,15,10,2022,15:00,Fulham,2.1,2–2,2,2,1,Bournemouth,"22,541",Craven Cottage,Graham Scott,2023
11,Sat,15 October 2022,15,10,2022,15:00,Wolves,1.3,1–0,1,0,1.5,Nott'ham Forest,"31,554",Molineux Stadium,Thomas Bramall,2023
11,Sat,15 October 2022,15,10,2022,17:30,Tottenham,2.2,2–0,2,0,0.4,Everton,"61,812",Tottenham Hotspur Stadium,Paul Tierney,2023
11,Sun,16 October 2022,16,10,2022,14:00,Southampton,0.5,1–1,1,1,1.7,West Ham,"29,159",St. Mary's Stadium,Peter Bankes,2023
11,Sun,16 October 2022,16,10,2022,14:00,Aston Villa,1.8,0–2,0,2,0.9,Chelsea,"41,754",Villa Park,Robert Jones,2023
11,Sun,16 October 2022,16,10,2022,14:00,Leeds United,1.8,0–1,0,1,0.5,Arsenal,"36,700",Elland Road,Chris Kavanagh,2023
11,Sun,16 October 2022,16,10,2022,14:00,Manchester Utd,0.8,0–0,0,0,0.8,Newcastle Utd,"73,726",Old Trafford,Craig Pawson,2023
11,Sun,16 October 2022,16,10,2022,16:30,Liverpool,2.1,1–0,1,0,1,Manchester City,"53,286",Anfield,Anthony Taylor,2023
12,Tue,18 October 2022,18,10,2022,19:30,Brighton,1.7,0–0,0,0,0.1,Nott'ham Forest,"31,463",The American Express Community Stadium,Darren England,2023
12,Tue,18 October 2022,18,10,2022,20:15,Crystal Palace,1.2,2–1,2,1,0.8,Wolves,"25,125",Selhurst Park,David Coote,2023
12,Wed,19 October 2022,19,10,2022,19:30,Bournemouth,1,0–1,0,1,1,Southampton,"10,405",Vitality Stadium,John Brooks,2023
12,Wed,19 October 2022,19,10,2022,19:30,Brentford,1.3,0–0,0,0,0.9,Chelsea,"17,118",Brentford Community Stadium,Jarred Gillett,2023
12,Wed,19 October 2022,19,10,2022,19:30,Liverpool,1.7,1–0,1,0,1.7,West Ham,"52,982",Anfield,Stuart Attwell,2023
12,Wed,19 October 2022,19,10,2022,19:30,Newcastle Utd,1.5,1–0,1,0,0.2,Everton,"52,247",St James' Park,Tony Harrington,2023
12,Wed,19 October 2022,19,10,2022,20:15,Manchester Utd,1.5,2–0,2,0,0.6,Tottenham,"73,677",Old Trafford,Simon Hooper,2023
12,Thu,20 October 2022,20,10,2022,19:30,Fulham,2.1,3–0,3,0,1.2,Aston Villa,"23,508",Craven Cottage,Michael Oliver,2023
12,Thu,20 October 2022,20,10,2022,20:15,Leicester City,0.8,2–0,2,0,1.3,Leeds United,"30,814",King Power Stadium,Peter Bankes,2023
13,Sat,22 October 2022,22,10,2022,12:30,Nott'ham Forest,1.9,1–0,1,0,1.6,Liverpool,"29,245",The City Ground,Paul Tierney,2023
13,Sat,22 October 2022,22,10,2022,15:00,Everton,1.4,3–0,3,0,0.9,Crystal Palace,"38,939",Goodison Park,Simon Hooper,2023
13,Sat,22 October 2022,22,10,2022,15:00,Manchester City,1.6,3–1,3,1,0.5,Brighton,"53,223",Etihad Stadium,Craig Pawson,2023
13,Sat,22 October 2022,22,10,2022,17:30,Chelsea,1.1,1–1,1,1,0.8,Manchester Utd,"39,503",Stamford Bridge,Stuart Attwell,2023
13,Sun,23 October 2022,23,10,2022,14:00,Aston Villa,2.8,4–0,4,0,0.9,Brentford,"41,693",Villa Park,Darren England,2023
13,Sun,23 October 2022,23,10,2022,14:00,Wolves,2.1,0–4,0,4,0.9,Leicester City,"31,425",Molineux Stadium,Michael Oliver,2023
13,Sun,23 October 2022,23,10,2022,14:00,Leeds United,1.6,2–3,2,3,1.8,Fulham,"36,447",Elland Road,Anthony Taylor,2023
13,Sun,23 October 2022,23,10,2022,14:00,Southampton,0.7,1–1,1,1,1,Arsenal,"31,145",St. Mary's Stadium,Robert Jones,2023
13,Sun,23 October 2022,23,10,2022,16:30,Tottenham,1.6,1–2,1,2,1.2,Newcastle Utd,"61,726",Tottenham Hotspur Stadium,Jarred Gillett,2023
13,Mon,24 October 2022,24,10,2022,20:00,West Ham,1.9,2–0,2,0,0.4,Bournemouth,"62,447",London Stadium,David Coote,2023
14,Sat,29 October 2022,29,10,2022,12:30,Leicester City,0.7,0–1,0,1,1,Manchester City,"32,223",King Power Stadium,Robert Jones,2023
14,Sat,29 October 2022,29,10,2022,15:00,Brentford,1.4,1–1,1,1,0.6,Wolves,"17,051",Brentford Community Stadium,Robert Madley,2023
14,Sat,29 October 2022,29,10,2022,15:00,Crystal Palace,0.9,1–0,1,0,1.3,Southampton,"25,130",Selhurst Park,Michael Salisbury,2023
14,Sat,29 October 2022,29,10,2022,15:00,Newcastle Utd,3.4,4–0,4,0,0.4,Aston Villa,"52,233",St James' Park,Paul Tierney,2023
14,Sat,29 October 2022,29,10,2022,15:00,Brighton,2.4,4–1,4,1,1.4,Chelsea,"31,746",The American Express Community Stadium,Andy Madley,2023
14,Sat,29 October 2022,29,10,2022,15:00,Bournemouth,0.5,2–3,2,3,2,Tottenham,"10,430",Vitality Stadium,Anthony Taylor,2023
14,Sat,29 October 2022,29,10,2022,17:30,Fulham,1.9,0–0,0,0,0.9,Everton,"23,534",Craven Cottage,John Brooks,2023
14,Sat,29 October 2022,29,10,2022,19:45,Liverpool,1.7,1–2,1,2,1.8,Leeds United,"53,274",Anfield,Michael Oliver,2023
14,Sun,30 October 2022,30,10,2022,14:00,Arsenal,2.3,5–0,5,0,0.4,Nott'ham Forest,"60,263",Emirates Stadium,Simon Hooper,2023
14,Sun,30 October 2022,30,10,2022,16:15,Manchester Utd,1.2,1–0,1,0,1.1,West Ham,"73,682",Old Trafford,Chris Kavanagh,2023
15,Sat,05 November 2022,5,11,2022,15:00,Nott'ham Forest,1.5,2–2,2,2,1.5,Brentford,"28,869",The City Ground,Andre Marriner,2023
15,Sat,05 November 2022,5,11,2022,15:00,Leeds United,2.2,4–3,4,3,1.5,Bournemouth,"36,304",Elland Road,Tony Harrington,2023
15,Sat,05 November 2022,5,11,2022,15:00,Manchester City,2.1,2–1,2,1,1,Fulham,"52,395",Etihad Stadium,Darren England,2023
15,Sat,05 November 2022,5,11,2022,15:00,Wolves,1.2,2–3,2,3,1.5,Brighton,"30,732",Molineux Stadium,Graham Scott,2023
15,Sat,05 November 2022,5,11,2022,17:30,Everton,1.2,0–2,0,2,2.3,Leicester City,"39,206",Goodison Park,David Coote,2023
15,Sun,06 November 2022,6,11,2022,12:00,Chelsea,0.3,0–1,0,1,2.1,Arsenal,"40,142",Stamford Bridge,Michael Oliver,2023
15,Sun,06 November 2022,6,11,2022,14:00,West Ham,0.3,1–2,1,2,1,Crystal Palace,"62,451",London Stadium,Paul Tierney,2023
15,Sun,06 November 2022,6,11,2022,14:00,Southampton,1.7,1–4,1,4,0.9,Newcastle Utd,"30,402",St. Mary's Stadium,Stuart Attwell,2023
15,Sun,06 November 2022,6,11,2022,14:00,Aston Villa,0.6,3–1,3,1,0.5,Manchester Utd,"42,058",Villa Park,Anthony Taylor,2023
15,Sun,06 November 2022,6,11,2022,16:30,Tottenham,1.2,1–2,1,2,1.2,Liverpool,"62,008",Tottenham Hotspur Stadium,Andy Madley,2023
16,Sat,12 November 2022,12,11,2022,12:30,Manchester City,1.6,1–2,1,2,1.3,Brentford,"52,786",Etihad Stadium,Peter Bankes,2023
16,Sat,12 November 2022,12,11,2022,15:00,Tottenham,1.8,4–3,4,3,1.1,Leeds United,"61,667",Tottenham Hotspur Stadium,Michael Salisbury,2023
16,Sat,12 November 2022,12,11,2022,15:00,Liverpool,1.9,3–1,3,1,1.1,Southampton,"53,331",Anfield,Simon Hooper,2023
16,Sat,12 November 2022,12,11,2022,15:00,Bournemouth,2.4,3–0,3,0,0.8,Everton,"10,382",Vitality Stadium,Craig Pawson,2023
16,Sat,12 November 2022,12,11,2022,15:00,West Ham,1.4,0–2,0,2,1.8,Leicester City,"62,459",London Stadium,Jarred Gillett,2023
16,Sat,12 November 2022,12,11,2022,15:00,Nott'ham Forest,1.1,1–0,1,0,1.2,Crystal Palace,"29,045",The City Ground,John Brooks,2023
16,Sat,12 November 2022,12,11,2022,17:30,Newcastle Utd,1,1–0,1,0,0.3,Chelsea,"52,264",St James' Park,Robert Jones,2023
16,Sat,12 November 2022,12,11,2022,19:45,Wolves,0.7,0–2,0,2,2.1,Arsenal,"34,624",Molineux Stadium,Stuart Attwell,2023
16,Sun,13 November 2022,13,11,2022,14:00,Brighton,0.6,1–2,1,2,1.5,Aston Villa,"31,581",The American Express Community Stadium,Chris Kavanagh,2023
16,Sun,13 November 2022,13,11,2022,16:30,Fulham,1.4,1–2,1,2,2.5,Manchester Utd,"24,246",Craven Cottage,Paul Tierney,2023
17,Mon,26 December 2022,26,12,2022,12:30,Brentford,2,2–2,2,2,1.1,Tottenham,"17,137",Brentford Community Stadium,David Coote,2023
17,Mon,26 December 2022,26,12,2022,15:00,Southampton,1.9,1–3,1,3,0.6,Brighton,"31,010",St. Mary's Stadium,Robert Jones,2023
17,Mon,26 December 2022,26,12,2022,15:00,Leicester City,0.5,0–3,0,3,1.9,Newcastle Utd,"32,185",King Power Stadium,Jarred Gillett,2023
17,Mon,26 December 2022,26,12,2022,15:00,Crystal Palace,0.4,0–3,0,3,2.5,Fulham,"25,176",Selhurst Park,Andy Madley,2023
17,Mon,26 December 2022,26,12,2022,15:00,Everton,1.7,1–2,1,2,0.8,Wolves,"39,252",Goodison Park,Craig Pawson,2023
17,Mon,26 December 2022,26,12,2022,17:30,Aston Villa,1.4,1–3,1,3,2.7,Liverpool,"42,085",Villa Park,Paul Tierney,2023
17,Mon,26 December 2022,26,12,2022,20:00,Arsenal,2.1,3–1,3,1,1,West Ham,"60,125",Emirates Stadium,Michael Oliver,2023
17,Tue,27 December 2022,27,12,2022,17:30,Chelsea,1.8,2–0,2,0,0.5,Bournemouth,"40,046",Stamford Bridge,Simon Hooper,2023
17,Tue,27 December 2022,27,12,2022,20:00,Manchester Utd,2.4,3–0,3,0,0.7,Nott'ham Forest,"73,608",Old Trafford,Anthony Taylor,2023
17,Wed,28 December 2022,28,12,2022,20:00,Leeds United,0.6,1–3,1,3,4.3,Manchester City,"36,889",Elland Road,Stuart Attwell,2023
18,Fri,30 December 2022,30,12,2022,19:45,West Ham,1.3,0–2,0,2,1.6,Brentford,"62,467",London Stadium,Darren England,2023
18,Fri,30 December 2022,30,12,2022,20:00,Liverpool,2.2,2–1,2,1,1,Leicester City,"53,343",Anfield,Craig Pawson,2023
18,Sat,31 December 2022,31,12,2022,12:30,Wolves,0.7,0–1,0,1,2,Manchester Utd,"31,658",Molineux Stadium,Robert Jones,2023
18,Sat,31 December 2022,31,12,2022,15:00,Newcastle Utd,2.2,0–0,0,0,0.4,Leeds United,"52,211",St James' Park,Simon Hooper,2023
18,Sat,31 December 2022,31,12,2022,15:00,Fulham,1.5,2–1,2,1,0.8,Southampton,"24,344",Craven Cottage,Graham Scott,2023
18,Sat,31 December 2022,31,12,2022,15:00,Manchester City,1.7,1–1,1,1,0.1,Everton,"53,444",Etihad Stadium,Andy Madley,2023
18,Sat,31 December 2022,31,12,2022,15:00,Bournemouth,0.6,0–2,0,2,1.6,Crystal Palace,"9,972",Vitality Stadium,Andre Marriner,2023
18,Sat,31 December 2022,31,12,2022,17:30,Brighton,1.2,2–4,2,4,2.9,Arsenal,"31,647",The American Express Community Stadium,Anthony Taylor,2023
18,Sun,01 January 2023,1,1,2023,14:00,Tottenham,0.7,0–2,0,2,1,Aston Villa,"61,651",Tottenham Hotspur Stadium,John Brooks,2023
18,Sun,01 January 2023,1,1,2023,16:30,Nott'ham Forest,1.4,1–1,1,1,0.9,Chelsea,"29,229",The City Ground,Peter Bankes,2023
19,Mon,02 January 2023,2,1,2023,17:30,Brentford,1.6,3–1,3,1,0.9,Liverpool,"17,163",Brentford Community Stadium,Stuart Attwell,2023
19,Tue,03 January 2023,3,1,2023,19:45,Leicester City,1.7,0–1,0,1,1.7,Fulham,"30,813",King Power Stadium,Darren Bond,2023
19,Tue,03 January 2023,3,1,2023,19:45,Everton,1.3,1–4,1,4,2.2,Brighton,"39,103",Goodison Park,Andre Marriner,2023
19,Tue,03 January 2023,3,1,2023,19:45,Arsenal,1.1,0–0,0,0,1,Newcastle Utd,"60,319",Emirates Stadium,Andy Madley,2023
19,Tue,03 January 2023,3,1,2023,20:00,Manchester Utd,2.2,3–0,3,0,0.6,Bournemouth,"73,322",Old Trafford,Michael Salisbury,2023
19,Wed,04 January 2023,4,1,2023,19:30,Southampton,0.5,0–1,0,1,1.4,Nott'ham Forest,"30,150",St. Mary's Stadium,Thomas Bramall,2023
19,Wed,04 January 2023,4,1,2023,19:45,Leeds United,1.6,2–2,2,2,1.4,West Ham,"36,173",Elland Road,David Coote,2023
19,Wed,04 January 2023,4,1,2023,20:00,Aston Villa,1.8,1–1,1,1,0.9,Wolves,"39,978",Villa Park,Jarred Gillett,2023
19,Wed,04 January 2023,4,1,2023,20:00,Crystal Palace,0.8,0–4,0,4,1.4,Tottenham,"25,132",Selhurst Park,Michael Oliver,2023
19,Thu,05 January 2023,5,1,2023,20:00,Chelsea,0.4,0–1,0,1,2,Manchester City,"39,998",Stamford Bridge,Paul Tierney,2023
7,Thu,12 January 2023,12,1,2023,20:00,Fulham,1,2–1,2,1,2.1,Chelsea,"24,460",Craven Cottage,David Coote,2023
20,Fri,13 January 2023,13,1,2023,20:00,Aston Villa,1.2,2–1,2,1,2.4,Leeds United,"42,008",Villa Park,Michael Oliver,2023
20,Sat,14 January 2023,14,1,2023,12:30,Manchester Utd,1.7,2–1,2,1,0.6,Manchester City,"75,546",Old Trafford,Stuart Attwell,2023
20,Sat,14 January 2023,14,1,2023,15:00,Everton,1.4,1–2,1,2,1.2,Southampton,"39,305",Goodison Park,John Brooks,2023
20,Sat,14 January 2023,14,1,2023,15:00,Wolves,0.9,1–0,1,0,1.1,West Ham,"31,511",Molineux Stadium,Simon Hooper,2023
20,Sat,14 January 2023,14,1,2023,15:00,Nott'ham Forest,2.4,2–0,2,0,1,Leicester City,"29,301",The City Ground,Paul Tierney,2023
20,Sat,14 January 2023,14,1,2023,15:00,Brighton,1.9,3–0,3,0,1,Liverpool,"31,645",The American Express Community Stadium,Darren England,2023
20,Sat,14 January 2023,14,1,2023,17:30,Brentford,1.4,2–0,2,0,0.6,Bournemouth,"17,031",Brentford Community Stadium,Jarred Gillett,2023
20,Sun,15 January 2023,15,1,2023,14:00,Chelsea,1.5,1–0,1,0,0.7,Crystal Palace,"40,075",Stamford Bridge,Peter Bankes,2023
20,Sun,15 January 2023,15,1,2023,14:00,Newcastle Utd,2.2,1–0,1,0,1.1,Fulham,"52,247",St James' Park,Robert Jones,2023
20,Sun,15 January 2023,15,1,2023,16:30,Tottenham,1.6,0–2,0,2,1.8,Arsenal,"61,870",Tottenham Hotspur Stadium,Craig Pawson,2023
7,Wed,18 January 2023,18,1,2023,20:00,Crystal Palace,0.5,1–1,1,1,2.1,Manchester Utd,"23,343",Selhurst Park,Robert Jones,2023
7,Thu,19 January 2023,19,1,2023,20:00,Manchester City,2.3,4–2,4,2,0.8,Tottenham,"53,088",Etihad Stadium,Simon Hooper,2023
21,Sat,21 January 2023,21,1,2023,12:30,Liverpool,1.4,0–0,0,0,1.6,Chelsea,"53,126",Anfield,Michael Oliver,2023
21,Sat,21 January 2023,21,1,2023,15:00,Bournemouth,1.4,1–1,1,1,1.9,Nott'ham Forest,"10,248",Vitality Stadium,Andy Madley,2023
21,Sat,21 January 2023,21,1,2023,15:00,Southampton,0.6,0–1,0,1,1.4,Aston Villa,"30,158",St. Mary's Stadium,Michael Salisbury,2023
21,Sat,21 January 2023,21,1,2023,15:00,Leicester City,0.9,2–2,2,2,1.7,Brighton,"32,056",King Power Stadium,Thomas Bramall,2023
21,Sat,21 January 2023,21,1,2023,15:00,West Ham,2.2,2–0,2,0,0.5,Everton,"62,470",London Stadium,Stuart Attwell,2023
21,Sat,21 January 2023,21,1,2023,17:30,Crystal Palace,0.3,0–0,0,0,1.2,Newcastle Utd,"25,350",Selhurst Park,Craig Pawson,2023
21,Sun,22 January 2023,22,1,2023,14:00,Manchester City,2.8,3–0,3,0,0.8,Wolves,"53,282",Etihad Stadium,David Coote,2023
21,Sun,22 January 2023,22,1,2023,14:00,Leeds United,0.5,0–0,0,0,0.4,Brentford,"36,260",Elland Road,Peter Bankes,2023
21,Sun,22 January 2023,22,1,2023,16:30,Arsenal,3.1,3–2,3,2,0.4,Manchester Utd,"60,325",Emirates Stadium,Anthony Taylor,2023
21,Mon,23 January 2023,23,1,2023,20:00,Fulham,1,0–1,0,1,0.9,Tottenham,"24,190",Craven Cottage,Paul Tierney,2023
22,Fri,03 February 2023,3,2,2023,20:00,Chelsea,1.3,0–0,0,0,0.6,Fulham,"40,041",Stamford Bridge,Stuart Attwell,2023
22,Sat,04 February 2023,4,2,2023,12:30,Everton,1.7,1–0,1,0,0.9,Arsenal,"39,314",Goodison Park,David Coote,2023
22,Sat,04 February 2023,4,2,2023,15:00,Aston Villa,1.7,2–4,2,4,2.6,Leicester City,"42,055",Villa Park,Darren England,2023
22,Sat,04 February 2023,4,2,2023,15:00,Wolves,2,3–0,3,0,1.8,Liverpool,"31,664",Molineux Stadium,Paul Tierney,2023
22,Sat,04 February 2023,4,2,2023,15:00,Manchester Utd,2,2–1,2,1,1.3,Crystal Palace,"73,420",Old Trafford,Andre Marriner,2023
22,Sat,04 February 2023,4,2,2023,15:00,Brighton,2.2,1–0,1,0,1.1,Bournemouth,"31,600",The American Express Community Stadium,Craig Pawson,2023
22,Sat,04 February 2023,4,2,2023,15:00,Brentford,2,3–0,3,0,0.7,Southampton,"17,051",Brentford Community Stadium,Darren Bond,2023
22,Sat,04 February 2023,4,2,2023,17:30,Newcastle Utd,1,1–1,1,1,1,West Ham,"52,256",St James' Park,Peter Bankes,2023
22,Sun,05 February 2023,5,2,2023,14:00,Nott'ham Forest,0.4,1–0,1,0,0.9,Leeds United,"29,363",The City Ground,Robert Jones,2023
22,Sun,05 February 2023,5,2,2023,16:30,Tottenham,1.4,1–0,1,0,1.3,Manchester City,"61,747",Tottenham Hotspur Stadium,Andy Madley,2023
8,Wed,08 February 2023,8,2,2023,20:00,Manchester Utd,2,2–2,2,2,0.6,Leeds United,"73,456",Old Trafford,Simon Hooper,2023
23,Sat,11 February 2023,11,2,2023,12:30,West Ham,1.3,1–1,1,1,1.1,Chelsea,"62,471",London Stadium,Craig Pawson,2023
23,Sat,11 February 2023,11,2,2023,15:00,Leicester City,1.7,4–1,4,1,1.3,Tottenham,"32,184",King Power Stadium,Michael Salisbury,2023
23,Sat,11 February 2023,11,2,2023,15:00,Crystal Palace,1.1,1–1,1,1,2.5,Brighton,"24,827",Selhurst Park,Michael Oliver,2023
23,Sat,11 February 2023,11,2,2023,15:00,Arsenal,1.6,1–1,1,1,2,Brentford,"60,254",Emirates Stadium,Peter Bankes,2023
23,Sat,11 February 2023,11,2,2023,15:00,Southampton,1.1,1–2,1,2,0.8,Wolves,"29,751",St. Mary's Stadium,Jarred Gillett,2023
23,Sat,11 February 2023,11,2,2023,15:00,Fulham,1.5,2–0,2,0,0.7,Nott'ham Forest,"24,244",Craven Cottage,Andy Madley,2023
23,Sat,11 February 2023,11,2,2023,17:30,Bournemouth,1.5,1–1,1,1,1.3,Newcastle Utd,"10,419",Vitality Stadium,Stuart Attwell,2023
23,Sun,12 February 2023,12,2,2023,14:00,Leeds United,1.8,0–2,0,2,1.1,Manchester Utd,"36,919",Elland Road,Paul Tierney,2023
23,Sun,12 February 2023,12,2,2023,16:30,Manchester City,3.3,3–1,3,1,0.3,Aston Villa,"53,392",Etihad Stadium,Robert Jones,2023
23,Mon,13 February 2023,13,2,2023,20:00,Liverpool,2.3,2–0,2,0,0.4,Everton,"53,027",Anfield,Simon Hooper,2023
12,Wed,15 February 2023,15,2,2023,19:30,Arsenal,1.6,1–3,1,3,1.8,Manchester City,"60,276",Emirates Stadium,Anthony Taylor,2023
24,Sat,18 February 2023,18,2,2023,12:30,Aston Villa,0.5,2–4,2,4,3.2,Arsenal,"42,066",Villa Park,Simon Hooper,2023
24,Sat,18 February 2023,18,2,2023,15:00,Brighton,2.2,0–1,0,1,0.3,Fulham,"31,619",The American Express Community Stadium,Darren England,2023
24,Sat,18 February 2023,18,2,2023,15:00,Nott'ham Forest,0.9,1–1,1,1,2.4,Manchester City,"29,365",The City Ground,Graham Scott,2023
24,Sat,18 February 2023,18,2,2023,15:00,Chelsea,1.6,0–1,0,1,0.6,Southampton,"40,152",Stamford Bridge,David Coote,2023
24,Sat,18 February 2023,18,2,2023,15:00,Everton,1.4,1–0,1,0,0.5,Leeds United,"39,232",Goodison Park,Andy Madley,2023
24,Sat,18 February 2023,18,2,2023,15:00,Wolves,1.3,0–1,0,1,1.1,Bournemouth,"31,222",Molineux Stadium,Michael Salisbury,2023
24,Sat,18 February 2023,18,2,2023,15:00,Brentford,0.9,1–1,1,1,1.1,Crystal Palace,"17,122",Brentford Community Stadium,Paul Tierney,2023
24,Sat,18 February 2023,18,2,2023,17:30,Newcastle Utd,2,0–2,0,2,1.9,Liverpool,"52,758",St James' Park,Anthony Taylor,2023
24,Sun,19 February 2023,19,2,2023,14:00,Manchester Utd,4.4,3–0,3,0,1.6,Leicester City,"73,578",Old Trafford,Stuart Attwell,2023
24,Sun,19 February 2023,19,2,2023,16:30,Tottenham,1.5,2–0,2,0,0.5,West Ham,"61,476",Tottenham Hotspur Stadium,Michael Oliver,2023
25,Fri,24 February 2023,24,2,2023,20:00,Fulham,0.5,1–1,1,1,0.8,Wolves,"24,399",Craven Cottage,Michael Oliver,2023
25,Sat,25 February 2023,25,2,2023,15:00,Leicester City,0,0–1,0,1,0.7,Arsenal,"32,227",King Power Stadium,Craig Pawson,2023
25,Sat,25 February 2023,25,2,2023,15:00,Everton,1.6,0–2,0,2,1.9,Aston Villa,"39,309",Goodison Park,Anthony Taylor,2023
25,Sat,25 February 2023,25,2,2023,15:00,West Ham,2.7,4–0,4,0,0.4,Nott'ham Forest,"62,469",London Stadium,Jarred Gillett,2023
25,Sat,25 February 2023,25,2,2023,15:00,Leeds United,0.9,1–0,1,0,0.4,Southampton,"36,641",Elland Road,Peter Bankes,2023
25,Sat,25 February 2023,25,2,2023,17:30,Bournemouth,1,1–4,1,4,2.4,Manchester City,"10,481",Vitality Stadium,Paul Tierney,2023
25,Sat,25 February 2023,25,2,2023,19:45,Crystal Palace,0.7,0–0,0,0,0.9,Liverpool,"25,842",Selhurst Park,Darren England,2023
25,Sun,26 February 2023,26,2,2023,13:30,Tottenham,0.8,2–0,2,0,0.4,Chelsea,"61,613",Tottenham Hotspur Stadium,Stuart Attwell,2023
7,Wed,01 March 2023,1,3,2023,19:45,Arsenal,2.4,4–0,4,0,1.2,Everton,"60,213",Emirates Stadium,Michael Oliver,2023
7,Wed,01 March 2023,1,3,2023,20:00,Liverpool,2.6,2–0,2,0,0.8,Wolves,"53,259",Anfield,Paul Tierney,2023
26,Sat,04 March 2023,4,3,2023,12:30,Manchester City,1.3,2–0,2,0,0.4,Newcastle Utd,"53,419",Etihad Stadium,Simon Hooper,2023
26,Sat,04 March 2023,4,3,2023,15:00,Arsenal,2.1,3–2,3,2,1.3,Bournemouth,"60,222",Emirates Stadium,Chris Kavanagh,2023
26,Sat,04 March 2023,4,3,2023,15:00,Aston Villa,1.2,1–0,1,0,0.2,Crystal Palace,"41,893",Villa Park,Craig Pawson,2023
26,Sat,04 March 2023,4,3,2023,15:00,Chelsea,1.5,1–0,1,0,1,Leeds United,"39,905",Stamford Bridge,Michael Oliver,2023
26,Sat,04 March 2023,4,3,2023,15:00,Brighton,3.5,4–0,4,0,0.3,West Ham,"31,523",The American Express Community Stadium,Stuart Attwell,2023
26,Sat,04 March 2023,4,3,2023,15:00,Wolves,0.5,1–0,1,0,1.2,Tottenham,"31,585",Molineux Stadium,Tim Robinson,2023
26,Sat,04 March 2023,4,3,2023,17:30,Southampton,1.4,1–0,1,0,1.9,Leicester City,"30,139",St. Mary's Stadium,Robert Jones,2023
26,Sun,05 March 2023,5,3,2023,14:00,Nott'ham Forest,0.8,2–2,2,2,1.7,Everton,"29,353",The City Ground,John Brooks,2023
26,Sun,05 March 2023,5,3,2023,16:30,Liverpool,2.8,7–0,7,0,0.8,Manchester Utd,"53,001",Anfield,Andy Madley,2023
26,Mon,06 March 2023,6,3,2023,20:00,Brentford,2.1,3–2,3,2,1.4,Fulham,"17,025",Brentford Community Stadium,Anthony Taylor,2023
27,Sat,11 March 2023,11,3,2023,12:30,Bournemouth,0.9,1–0,1,0,1.7,Liverpool,"10,536",Vitality Stadium,John Brooks,2023
27,Sat,11 March 2023,11,3,2023,15:00,Leeds United,0.9,2–2,2,2,2.7,Brighton,"36,471",Elland Road,Paul Tierney,2023
27,Sat,11 March 2023,11,3,2023,15:00,Everton,1,1–0,1,0,2,Brentford,"39,274",Goodison Park,Simon Hooper,2023
27,Sat,11 March 2023,11,3,2023,15:00,Leicester City,2.4,1–3,1,3,1.6,Chelsea,"32,170",King Power Stadium,Andre Marriner,2023
27,Sat,11 March 2023,11,3,2023,15:00,Tottenham,2,3–1,3,1,1.5,Nott'ham Forest,"61,460",Tottenham Hotspur Stadium,Craig Pawson,2023
27,Sat,11 March 2023,11,3,2023,17:30,Crystal Palace,0.2,0–1,0,1,2.1,Manchester City,"25,844",Selhurst Park,Robert Jones,2023
27,Sun,12 March 2023,12,3,2023,14:00,Manchester Utd,0.8,0–0,0,0,1,Southampton,"73,439",Old Trafford,Anthony Taylor,2023
27,Sun,12 March 2023,12,3,2023,14:00,Fulham,0.8,0–3,0,3,2.3,Arsenal,"24,426",Craven Cottage,David Coote,2023
27,Sun,12 March 2023,12,3,2023,14:00,West Ham,2.1,1–1,1,1,1.5,Aston Villa,"62,472",London Stadium,Chris Kavanagh,2023
27,Sun,12 March 2023,12,3,2023,16:30,Newcastle Utd,1.8,2–1,2,1,1.1,Wolves,"52,240",St James' Park,Andy Madley,2023
7,Wed,15 March 2023,15,3,2023,19:30,Southampton,0.5,0–2,0,2,1.9,Brentford,"30,438",St. Mary's Stadium,Michael Salisbury,2023
8,Wed,15 March 2023,15,3,2023,19:30,Brighton,0.6,1–0,1,0,1.1,Crystal Palace,"30,933",The American Express Community Stadium,Peter Bankes,2023
28,Fri,17 March 2023,17,3,2023,20:00,Nott'ham Forest,0.4,1–2,1,2,2.4,Newcastle Utd,"29,362",The City Ground,Paul Tierney,2023
28,Sat,18 March 2023,18,3,2023,15:00,Wolves,2.7,2–4,2,4,1.6,Leeds United,"31,570",Molineux Stadium,Michael Salisbury,2023
28,Sat,18 March 2023,18,3,2023,15:00,Brentford,0.6,1–1,1,1,1.3,Leicester City,"17,006",Brentford Community Stadium,Darren Bond,2023
28,Sat,18 March 2023,18,3,2023,15:00,Aston Villa,3.5,3–0,3,0,1.3,Bournemouth,"41,021",Villa Park,Robert Jones,2023
28,Sat,18 March 2023,18,3,2023,15:00,Southampton,2.4,3–3,3,3,2.3,Tottenham,"30,157",St. Mary's Stadium,Simon Hooper,2023
28,Sat,18 March 2023,18,3,2023,17:30,Chelsea,2.3,2–2,2,2,1.2,Everton,"40,025",Stamford Bridge,Darren England,2023
28,Sun,19 March 2023,19,3,2023,14:00,Arsenal,1.6,4–1,4,1,0.8,Crystal Palace,"60,247",Emirates Stadium,Stuart Attwell,2023
29,Sat,01 April 2023,1,4,2023,12:30,Manchester City,2.9,4–1,4,1,0.3,Liverpool,"52,877",Etihad Stadium,Simon Hooper,2023
29,Sat,01 April 2023,1,4,2023,15:00,Arsenal,3.8,4–1,4,1,0.7,Leeds United,"60,283",Emirates Stadium,Darren England,2023
29,Sat,01 April 2023,1,4,2023,15:00,Nott'ham Forest,1.3,1–1,1,1,0.5,Wolves,"29,368",The City Ground,Chris Kavanagh,2023
29,Sat,01 April 2023,1,4,2023,15:00,Brighton,4.2,3–3,3,3,1.6,Brentford,"31,493",The American Express Community Stadium,Michael Oliver,2023
29,Sat,01 April 2023,1,4,2023,15:00,Crystal Palace,2.3,2–1,2,1,0.2,Leicester City,"25,147",Selhurst Park,Tim Robinson,2023
29,Sat,01 April 2023,1,4,2023,15:00,Bournemouth,2.6,2–1,2,1,0.8,Fulham,"10,305",Vitality Stadium,Peter Bankes,2023
29,Sat,01 April 2023,1,4,2023,17:30,Chelsea,2.1,0–2,0,2,0.9,Aston Villa,"40,082",Stamford Bridge,Andy Madley,2023
29,Sun,02 April 2023,2,4,2023,14:00,West Ham,1.4,1–0,1,0,0.3,Southampton,"62,498",London Stadium,Paul Tierney,2023
29,Sun,02 April 2023,2,4,2023,16:30,Newcastle Utd,3.7,2–0,2,0,0.4,Manchester Utd,"52,268",St James' Park,Stuart Attwell,2023
29,Mon,03 April 2023,3,4,2023,20:00,Everton,0.9,1–1,1,1,1.4,Tottenham,"39,294",Goodison Park,David Coote,2023
7,Tue,04 April 2023,4,4,2023,19:45,Leeds United,1.8,2–1,2,1,0.8,Nott'ham Forest,"36,740",Elland Road,Robert Jones,2023
7,Tue,04 April 2023,4,4,2023,19:45,Bournemouth,1.7,0–2,0,2,2.7,Brighton,"10,266",Vitality Stadium,Darren Bond,2023
7,Tue,04 April 2023,4,4,2023,19:45,Leicester City,0.5,1–2,1,2,1,Aston Villa,"32,087",King Power Stadium,Graham Scott,2023
8,Tue,04 April 2023,4,4,2023,20:00,Chelsea,2.2,0–0,0,0,0.3,Liverpool,"40,093",Stamford Bridge,Anthony Taylor,2023
7,Wed,05 April 2023,5,4,2023,20:00,West Ham,1,1–5,1,5,3.3,Newcastle Utd,"62,481",London Stadium,Craig Pawson,2023
25,Wed,05 April 2023,5,4,2023,20:00,Manchester Utd,1.2,1–0,1,0,0.7,Brentford,"73,309",Old Trafford,John Brooks,2023
30,Sat,08 April 2023,8,4,2023,12:30,Manchester Utd,3.4,2–0,2,0,1,Everton,"73,509",Old Trafford,Michael Oliver,2023
30,Sat,08 April 2023,8,4,2023,15:00,Fulham,0.7,0–1,0,1,1.1,West Ham,"24,491",Craven Cottage,Jarred Gillett,2023
30,Sat,08 April 2023,8,4,2023,15:00,Aston Villa,1.3,2–0,2,0,0.2,Nott'ham Forest,"42,076",Villa Park,Anthony Taylor,2023
30,Sat,08 April 2023,8,4,2023,15:00,Leicester City,0.6,0–1,0,1,1.9,Bournemouth,"32,094",King Power Stadium,David Coote,2023
30,Sat,08 April 2023,8,4,2023,15:00,Brentford,2.6,1–2,1,2,1.3,Newcastle Utd,"17,107",Brentford Community Stadium,Chris Kavanagh,2023
30,Sat,08 April 2023,8,4,2023,15:00,Wolves,0.6,1–0,1,0,1.1,Chelsea,"31,614",Molineux Stadium,Peter Bankes,2023
30,Sat,08 April 2023,8,4,2023,15:00,Tottenham,0.8,2–1,2,1,1.4,Brighton,"61,405",Tottenham Hotspur Stadium,Stuart Attwell,2023
30,Sat,08 April 2023,8,4,2023,17:30,Southampton,0.4,1–4,1,4,2.9,Manchester City,"30,963",St. Mary's Stadium,Robert Jones,2023
30,Sun,09 April 2023,9,4,2023,14:00,Leeds United,0.9,1–5,1,5,3,Crystal Palace,"36,427",Elland Road,Simon Hooper,2023
30,Sun,09 April 2023,9,4,2023,16:30,Liverpool,3.9,2–2,2,2,1.4,Arsenal,"53,267",Anfield,Paul Tierney,2023
31,Sat,15 April 2023,15,4,2023,12:30,Aston Villa,1.9,3–0,3,0,0.5,Newcastle Utd,"42,055",Villa Park,John Brooks,2023
31,Sat,15 April 2023,15,4,2023,15:00,Chelsea,0.5,1–2,1,2,2.9,Brighton,"40,126",Stamford Bridge,Robert Jones,2023
31,Sat,15 April 2023,15,4,2023,15:00,Southampton,0.8,0–2,0,2,0.9,Crystal Palace,"30,309",St. Mary's Stadium,Michael Oliver,2023
31,Sat,15 April 2023,15,4,2023,15:00,Wolves,0.8,2–0,2,0,1.1,Brentford,"30,769",Molineux Stadium,Paul Tierney,2023
31,Sat,15 April 2023,15,4,2023,15:00,Tottenham,2.2,2–3,2,3,1.3,Bournemouth,"61,369",Tottenham Hotspur Stadium,Andy Madley,2023
31,Sat,15 April 2023,15,4,2023,15:00,Everton,1.4,1–3,1,3,1.8,Fulham,"39,241",Goodison Park,Anthony Taylor,2023
31,Sat,15 April 2023,15,4,2023,17:30,Manchester City,1.6,3–1,3,1,2.3,Leicester City,"53,329",Etihad Stadium,Darren England,2023
31,Sun,16 April 2023,16,4,2023,14:00,West Ham,1.8,2–2,2,2,2.7,Arsenal,"62,481",London Stadium,David Coote,2023
31,Sun,16 April 2023,16,4,2023,16:30,Nott'ham Forest,0.7,0–2,0,2,3.5,Manchester Utd,"29,435",The City Ground,Simon Hooper,2023
31,Mon,17 April 2023,17,4,2023,20:00,Leeds United,1.4,1–6,1,6,2.7,Liverpool,"36,657",Elland Road,Craig Pawson,2023
32,Fri,21 April 2023,21,4,2023,20:00,Arsenal,2.4,3–3,3,3,1.3,Southampton,"60,175",Emirates Stadium,Simon Hooper,2023
32,Sat,22 April 2023,22,4,2023,12:30,Fulham,1.7,2–1,2,1,0.8,Leeds United,"24,356",Craven Cottage,Peter Bankes,2023
32,Sat,22 April 2023,22,4,2023,15:00,Crystal Palace,0.5,0–0,0,0,0.4,Everton,"25,202",Selhurst Park,John Brooks,2023
32,Sat,22 April 2023,22,4,2023,15:00,Brentford,2.7,1–1,1,1,1.5,Aston Villa,"17,098",Brentford Community Stadium,Michael Salisbury,2023
32,Sat,22 April 2023,22,4,2023,15:00,Liverpool,2.8,3–2,3,2,0.9,Nott'ham Forest,"53,254",Anfield,Michael Oliver,2023
32,Sat,22 April 2023,22,4,2023,15:00,Leicester City,2.4,2–1,2,1,0.9,Wolves,"32,053",King Power Stadium,Andy Madley,2023
32,Sun,23 April 2023,23,4,2023,14:00,Bournemouth,1.5,0–4,0,4,2.4,West Ham,"10,465",Vitality Stadium,Anthony Taylor,2023
32,Sun,23 April 2023,23,4,2023,14:00,Newcastle Utd,3.7,6–1,6,1,1,Tottenham,"52,252",St James' Park,David Coote,2023
33,Tue,25 April 2023,25,4,2023,19:30,Wolves,1.4,2–0,2,0,0.8,Crystal Palace,"30,294",Molineux Stadium,Robert Jones,2023
33,Tue,25 April 2023,25,4,2023,19:45,Aston Villa,1,1–0,1,0,0.1,Fulham,"41,046",Villa Park,Thomas Bramall,2023
33,Tue,25 April 2023,25,4,2023,20:00,Leeds United,1.5,1–1,1,1,2.1,Leicester City,"36,666",Elland Road,Paul Tierney,2023
33,Wed,26 April 2023,26,4,2023,19:30,Nott'ham Forest,2.4,3–1,3,1,2.3,Brighton,"28,808",The City Ground,Jarred Gillett,2023
33,Wed,26 April 2023,26,4,2023,19:45,Chelsea,1.3,0–2,0,2,1.1,Brentford,"39,929",Stamford Bridge,Andy Madley,2023
33,Wed,26 April 2023,26,4,2023,19:45,West Ham,0.8,1–2,1,2,1.9,Liverpool,"62,473",London Stadium,Chris Kavanagh,2023
33,Wed,26 April 2023,26,4,2023,20:00,Manchester City,2.5,4–1,4,1,0.5,Arsenal,"53,482",Etihad Stadium,Michael Oliver,2023
33,Thu,27 April 2023,27,4,2023,19:45,Everton,0.9,1–4,1,4,2.4,Newcastle Utd,"39,248",Goodison Park,Andre Marriner,2023
33,Thu,27 April 2023,27,4,2023,19:45,Southampton,0.5,0–1,0,1,0.9,Bournemouth,"30,414",St. Mary's Stadium,Darren England,2023
33,Thu,27 April 2023,27,4,2023,20:15,Tottenham,2.5,2–2,2,2,2,Manchester Utd,"61,586",Tottenham Hotspur Stadium,Anthony Taylor,2023
34,Sat,29 April 2023,29,4,2023,12:30,Crystal Palace,2.1,4–3,4,3,1.7,West Ham,"25,148",Selhurst Park,Craig Pawson,2023
34,Sat,29 April 2023,29,4,2023,15:00,Brighton,3.3,6–0,6,0,0.8,Wolves,"31,584",The American Express Community Stadium,David Coote,2023
34,Sat,29 April 2023,29,4,2023,15:00,Brentford,1.6,2–1,2,1,0.7,Nott'ham Forest,"17,080",Brentford Community Stadium,Peter Bankes,2023
34,Sun,30 April 2023,30,4,2023,14:00,Manchester Utd,1.2,1–0,1,0,0.6,Aston Villa,"73,592",Old Trafford,Jarred Gillett,2023
34,Sun,30 April 2023,30,4,2023,14:00,Bournemouth,1.9,4–1,4,1,1.6,Leeds United,"10,434",Vitality Stadium,Chris Kavanagh,2023
34,Sun,30 April 2023,30,4,2023,14:00,Newcastle Utd,4.3,3–1,3,1,0.8,Southampton,"52,234",St James' Park,Anthony Taylor,2023
34,Sun,30 April 2023,30,4,2023,14:00,Fulham,0.2,1–2,1,2,2.5,Manchester City,"24,498",Craven Cottage,Simon Hooper,2023
34,Sun,30 April 2023,30,4,2023,16:30,Liverpool,2.2,4–3,4,3,2,Tottenham,"53,275",Anfield,Paul Tierney,2023
34,Mon,01 May 2023,1,5,2023,20:00,Leicester City,3.4,2–2,2,2,3.1,Everton,"32,173",King Power Stadium,Michael Oliver,2023
34,Tue,02 May 2023,2,5,2023,20:00,Arsenal,1.7,3–1,3,1,0.8,Chelsea,"60,144",Emirates Stadium,Robert Jones,2023
28,Wed,03 May 2023,3,5,2023,20:00,Liverpool,1.8,1–0,1,0,0.9,Fulham,"52,602",Anfield,Stuart Attwell,2023
28,Wed,03 May 2023,3,5,2023,20:00,Manchester City,2.3,3–0,3,0,0.4,West Ham,"53,305",Etihad Stadium,John Brooks,2023
28,Thu,04 May 2023,4,5,2023,20:00,Brighton,2.3,1–0,1,0,1.4,Manchester Utd,"31,577",The American Express Community Stadium,Andre Marriner,2023
35,Sat,06 May 2023,6,5,2023,15:00,Tottenham,0.9,1–0,1,0,0.4,Crystal Palace,"61,093",Tottenham Hotspur Stadium,Darren England,2023
35,Sat,06 May 2023,6,5,2023,15:00,Wolves,0.8,1–0,1,0,1.5,Aston Villa,"31,641",Molineux Stadium,Stuart Attwell,2023
35,Sat,06 May 2023,6,5,2023,15:00,Bournemouth,1.2,1–3,1,3,1.3,Chelsea,"10,357",Vitality Stadium,John Brooks,2023
35,Sat,06 May 2023,6,5,2023,15:00,Manchester City,2.6,2–1,2,1,0.2,Leeds United,"53,406",Etihad Stadium,Andy Madley,2023
35,Sat,06 May 2023,6,5,2023,17:30,Liverpool,2.2,1–0,1,0,0.2,Brentford,"52,838",Anfield,Anthony Taylor,2023
35,Sun,07 May 2023,7,5,2023,16:30,Newcastle Utd,1.3,0–2,0,2,1.3,Arsenal,"50,267",St James' Park,Chris Kavanagh,2023
35,Sun,07 May 2023,7,5,2023,19:00,West Ham,1.3,1–0,1,0,1.2,Manchester Utd,"62,477",London Stadium,Peter Bankes,2023
35,Mon,08 May 2023,8,5,2023,15:00,Fulham,1.6,5–3,5,3,2.8,Leicester City,"24,442",Craven Cottage,Robert Jones,2023
35,Mon,08 May 2023,8,5,2023,17:30,Brighton,3.2,1–5,1,5,2.3,Everton,"31,567",The American Express Community Stadium,Simon Hooper,2023
35,Mon,08 May 2023,8,5,2023,20:00,Nott'ham Forest,1.8,4–3,4,3,3.1,Southampton,"29,154",The City Ground,Michael Oliver,2023
36,Sat,13 May 2023,13,5,2023,12:30,Leeds United,2,2–2,2,2,2.3,Newcastle Utd,"36,955",Elland Road,Simon Hooper,2023
36,Sat,13 May 2023,13,5,2023,15:00,Aston Villa,1.2,2–1,2,1,1.4,Tottenham,"42,164",Villa Park,Peter Bankes,2023
36,Sat,13 May 2023,13,5,2023,15:00,Chelsea,1.2,2–2,2,2,1.3,Nott'ham Forest,"40,030",Stamford Bridge,Paul Tierney,2023
36,Sat,13 May 2023,13,5,2023,15:00,Crystal Palace,1.5,2–0,2,0,0.3,Bournemouth,"25,034",Selhurst Park,Michael Salisbury,2023
36,Sat,13 May 2023,13,5,2023,15:00,Southampton,0.4,0–2,0,2,1.4,Fulham,"28,978",St. Mary's Stadium,Thomas Bramall,2023
36,Sat,13 May 2023,13,5,2023,15:00,Manchester Utd,3.2,2–0,2,0,0.3,Wolves,"73,570",Old Trafford,John Brooks,2023
36,Sun,14 May 2023,14,5,2023,14:00,Everton,1.6,0–3,0,3,0.8,Manchester City,"39,376",Goodison Park,Anthony Taylor,2023
36,Sun,14 May 2023,14,5,2023,14:00,Brentford,3.4,2–0,2,0,0.2,West Ham,"17,075",Brentford Community Stadium,Michael Oliver,2023
36,Sun,14 May 2023,14,5,2023,16:30,Arsenal,0.9,0–3,0,3,1.7,Brighton,"60,139",Emirates Stadium,Andy Madley,2023
36,Mon,15 May 2023,15,5,2023,20:00,Leicester City,0.4,0–3,0,3,2.2,Liverpool,"32,225",King Power Stadium,Craig Pawson,2023
25,Thu,18 May 2023,18,5,2023,19:30,Newcastle Utd,3.6,4–1,4,1,0.5,Brighton,"52,122",St James' Park,Robert Jones,2023
37,Sat,20 May 2023,20,5,2023,12:30,Tottenham,1.7,1–3,1,3,1.2,Brentford,"61,514",Tottenham Hotspur Stadium,Jarred Gillett,2023
37,Sat,20 May 2023,20,5,2023,15:00,Liverpool,0.7,1–1,1,1,1.3,Aston Villa,"53,306",Anfield,John Brooks,2023
37,Sat,20 May 2023,20,5,2023,15:00,Fulham,1.7,2–2,2,2,1.6,Crystal Palace,"24,356",Craven Cottage,Joshua Smith,2023
37,Sat,20 May 2023,20,5,2023,15:00,Bournemouth,1,0–1,0,1,1.4,Manchester Utd,"10,240",Vitality Stadium,Chris Kavanagh,2023
37,Sat,20 May 2023,20,5,2023,15:00,Wolves,1.6,1–1,1,1,2,Everton,"31,684",Molineux Stadium,David Coote,2023
37,Sat,20 May 2023,20,5,2023,17:30,Nott'ham Forest,0.6,1–0,1,0,0.6,Arsenal,"29,514",The City Ground,Anthony Taylor,2023
37,Sun,21 May 2023,21,5,2023,13:30,West Ham,2.1,3–1,3,1,0.9,Leeds United,"62,478",London Stadium,Peter Bankes,2023
37,Sun,21 May 2023,21,5,2023,14:00,Brighton,2.5,3–1,3,1,0.6,Southampton,"31,507",The American Express Community Stadium,Paul Tierney,2023
37,Sun,21 May 2023,21,5,2023,16:00,Manchester City,1.2,1–0,1,0,1.2,Chelsea,"53,490",Etihad Stadium,Michael Oliver,2023
37,Mon,22 May 2023,22,5,2023,20:00,Newcastle Utd,2.1,0–0,0,0,0.1,Leicester City,"52,152",St James' Park,Andre Marriner,2023
32,Wed,24 May 2023,24,5,2023,20:00,Brighton,2.2,1–1,1,1,1.8,Manchester City,"31,388",The American Express Community Stadium,Simon Hooper,2023
32,Thu,25 May 2023,25,5,2023,20:00,Manchester Utd,5.2,4–1,4,1,1.9,Chelsea,"73,561",Old Trafford,Stuart Attwell,2023
38,Sun,28 May 2023,28,5,2023,16:30,Crystal Palace,1.4,1–1,1,1,0.5,Nott'ham Forest,"25,198",Selhurst Park,Thomas Bramall,2023
38,Sun,28 May 2023,28,5,2023,16:30,Chelsea,2.2,1–1,1,1,1.7,Newcastle Utd,"40,130",Stamford Bridge,Jarred Gillett,2023
38,Sun,28 May 2023,28,5,2023,16:30,Manchester Utd,2.9,2–1,2,1,1.8,Fulham,"73,465",Old Trafford,Robert Jones,2023
38,Sun,28 May 2023,28,5,2023,16:30,Arsenal,2.8,5–0,5,0,0.5,Wolves,"60,095",Emirates Stadium,Andre Marriner,2023
38,Sun,28 May 2023,28,5,2023,16:30,Southampton,1.8,4–4,4,4,4,Liverpool,"31,129",St. Mary's Stadium,Darren England,2023
38,Sun,28 May 2023,28,5,2023,16:30,Everton,1,1–0,1,0,0.5,Bournemouth,"39,201",Goodison Park,Stuart Attwell,2023
38,Sun,28 May 2023,28,5,2023,16:30,Leicester City,1.4,2–1,2,1,1.4,West Ham,"32,183",King Power Stadium,Simon Hooper,2023
38,Sun,28 May 2023,28,5,2023,16:30,Aston Villa,2.8,2–1,2,1,1.4,Brighton,,Villa Park,David Coote,2023
38,Sun,28 May 2023,28,5,2023,16:30,Leeds United,1.5,1–4,1,4,2.2,Tottenham,"36,871",Elland Road,Anthony Taylor,2023
38,Sun,28 May 2023,28,5,2023,16:30,Brentford,1.3,1–0,1,0,1.6,Manchester City,"17,120",Brentford Community Stadium,John Brooks,2023
